ID,ID_reference,class
57163008,44303000,Parallelism
27996119,13550690,Duplicate
18694572,18633326,Priori
61276700,44747145,Parallelism
13797869,13796513,Duplicate
9291671,2956618,Priori
40942455,33815495,Parallelism
30666763,30471089,Priori
7894273,1786500,Priori
27714298,17831990,Priori
64120119,23367857,Parallelism
16333324,16305794,Priori
18734335,15630331,Parallelism
12241287,398903,Duplicate
41945156,1988665,parallelism
22185495,19458957,Duplicate
60846619,28780915,Parallelism
19304709,6922533,Parallelism
8382153,216450,Parallelism
35714129,6146963,Parallelism
12499523,10842428,Duplicate
41951175,36444920,Parallelism
5742685,122883,Duplicate
10875557,9123238,Priori
13839825,3360349,Priori
21500057,21499700,Priori
22746879,13568119,Parallelism
37599318,37576159,Containment
14613765,751000,Containment
11074900,8211982,Parallelism
58224973,10473419,Priori
57253931,12575068,Priori
47517985,33209631,Parallelism
30871042,12955867,Priori
16429288,7745959,Priori
3378601,3329731,Priori
42605093,35880022,Parallelism
60774048,57180339,Parallelism
11503269,11433303,Duplicate
18882678,18859045,containment
2414565,2409870,Priori
26597286,18806349,Priori
45613257,3005383,Priori
60386528,53216175,Parallelism
48638448,25101534,Duplicate
48026665,5038430,priori
47026624,36496791,Parallelism
30675762,21174487,Parallelism
39822835,17414994,Containment
62856533,3828192,Parallelism
40405377,21854426,Parallelism
54087899,6050478,Parallelism
54087899,37346550,Parallelism
61154061,52939427,Duplicate
56005092,54585829,Containment
35260037,18869321,Duplicate
24168844,13294851,Priori
11388700,7582781,Parallelism
16838757,4197976,Duplicate
46569251,16131963,Parallelism
32396413,30546430,Parallelism
39772230,35424854,Parallelism
42562756,36921094,priori
59126755,39188376,Parallelism
28332566,28306604,Priori
7672381,3431663,Parallelism
12138697,4026021,Duplicate
46435609,7787773,Parallelism
12893657,9265788,Parallelism
5752057,3117615,Duplicate
31503488,31503429,Parallelism
48790682,48692425,Priori
14071317,2370288,Duplicate
31108706,9207249,Parallelism
4986372,343899,Parallelism
45069478,34527115,Parallelism
49375243,36488219,Containment
17199011,14338482,Duplicate
40480929,39318683,Containment
56169480,56156436,Priori
9947827,7462827,Duplicate
12410777,5852863,Containment
32527665,10212265,Priori
63904961,44783736,priori
39211526,26829554,Parallelism
27857640,13381318,Parallelism
53680611,32142922,Parallelism
52380496,28829818,Parallelism
17324726,10858998,Priori
21176756,16346158,Priori
53149499,24002836,Parallelism
3640496,3638467,Priori
61439423,20194722,Containment
37865827,31594472,Parallelism
10552690,9746260,Duplicate
54620813,12043086,Parallelism
36344315,8847115,Duplicate
60726684,59772633,Parallelism
13015583,2066883,priori
53579852,8639261,Duplicate
45282755,4878259,Priori
33344537,1464355,Containment
37620500,29997719,Parallelism
42246195,30068147,Priori
53608463,40130619,Duplicate
51794742,51254960,Duplicate
52619800,43876394,Parallelism
36048142,11296471,Parallelism
37661581,24179796,Duplicate
20849063,752774,Priori
3832541,3824263,Posterior
32797220,24313858,Containment
52899006,20153881,Parallelism
9911541,421696,Parallelism
51535178,30278485,Containment
5186162,13371147,Duplicate
32851341,1201102,Parallelism
53521867,15388973,Parallelism
56200731,14655204,Priori
34494310,9869150,Parallelism
55899871,8417983,Parallelism
18421973,7666680,Parallelism
59058867,57907511,Duplicate
48110503,29971548,Priori
53012065,5841587,Priori
39998793,40002115,Parallelism
59237059,55315827,Priori
60180688,11763389,Priori
12512961,12472665,Priori
19019714,9120103,Priori
61532288,19681605,Parallelism
42798523,25146777,Priori
4936977,943862,Priori
40203494,6292437,Containment
41491267,11064503,Priori
37986523,35312857,Priori
58806913,58794825,Priori
23571731,23466584,Duplicate
42683071,23471004,Priori
6051237,4596314,Priori
58518445,51296374,Priori
35406831,31416822,Priori
30061046,2938529,Priori
41397,41404,Parallelism
61909298,57590195,Priori
42296117,40056499,Containment
39441339,15636604,Priori
6760325,6306148,Priori
40012407,1181538,Priori
32742689,27361554,Parallelism
6304720,4316700,Parallelism
28004657,5570717,Duplicate
22228144,20149160,Priori
50422316,4305399,Parallelism
1963041,1306903,Parallelism
49985943,49912245,Parallelism
63097976,21118824,Priori
64755896,51790666,Priori
51794274,51788969,Containment
27198603,6693784,Priori
47518707,18880992,Priori
903816,928182,Parallelism
60791179,31424853,Priori
15266448,6832677,Priori
2850974,203802,Containment
28167042,18135030,Duplicate
27105067,9464679,Parallelism
10570942,6698824,Priori
14765240,14576216,Containment
37204434,3654821,Containment
25526745,6378872,Priori
34781394,24077363,Parallelism
55094503,49242192,Parallelism
59498581,55599689,Parallelism
47356726,21789908,Duplicate
25060759,7165749,Priori
2422179,2362080,Priori
32502472,16511037,Parallelism
34611134,6700039,Priori
63708259,51088321,Priori
17819764,3795780,Parallelism
47897521,30915191,Parallelism
33981719,32302771,Parallelism
26206431,24750461,Parallelism
9856115,5626884,Priori
18100611,1568666,Duplicate
50633096,50597839,Priori
52955767,49126167,Priori
42623600,16803946,Priori
34792494,5794183,Duplicate
43108421,10000042,Containment
44352737,5672407,Parallelism
61418057,1218933,Containment
17199138,2380649,Duplicate
35444516,2119714,Priori
41817175,18677837,Priori
41977259,5862560,Duplicate
14683455,391784,Containment
61482170,10894323,Priori
5444786,5342185,Priori
6012730,3278069,Duplicate
26209236,1767045,Duplicate
50400046,15549308,Parallelism
26193036,2410836,Duplicate
41472498,36380449,Containment
29609837,15519626,Priori
56683361,16228248,Parallelism
38135151,12394696,Parallelism
57265049,35424053,Duplicate
7711486,3541615,Containment
13116641,10830757,Priori
29182641,12649573,Parallelism
16607718,13831472,Duplicate
60107970,52662394,Duplicate
63015012,8600161,Duplicate
35290073,34640790,Duplicate
52351316,17393812,Duplicate
44107423,10904339,Containment
401592,285710,Duplicate
44960568,495021,Duplicate
56108883,30934314,Duplicate
39937594,10262763,Duplicate
50123461,24468456,Duplicate
8955040,7860137,Containment
11765593,762141,Parallelism
3418781,1506096,Duplicate
9861007,7538376,Duplicate
31530808,1823655,Containment
30357216,25250171,Parallelism
61775553,40370022,Priori
44005275,43939648,Duplicate
20200776,17716080,Duplicate
39487366,39189111,Priori
58424018,29140402,Parallelism
12959505,6891447,Priori
46457281,26642369,Priori
24507875,16533288,Parallelism
38629219,22198859,Priori
28680708,15353457,Parallelism
45202187,11321491,Priori
49715568,3769607,Priori
38861760,4616694,Priori
55661616,18659654,Duplicate
46345049,13402104,Duplicate
40986644,26566317,Priori
33390779,885349,Containment
7422191,3321082,Priori
3946881,3920971,Duplicate
60375949,191359,Priori
21449555,5319840,Priori
6134998,6075375,Containment
33119343,9080904,Containment
46367487,4316727,Priori
20828534,10127607,Duplicate
17773783,158706,Priori
4969928,1403615,Duplicate
17999093,11782237,Duplicate
42847546,1867708,Priori
28920012,19777316,Duplicate
14919181,4004340,Containment
6720912,1258275,Parallelism
62692330,4810417,Priori
62586554,19596750,Priori
17750620,9907200,Containment
24936595,7398290,Containment
50048672,39309920,Duplicate
28006425,1012437,Priori
19590026,11725594,Duplicate
18491763,12156976,Duplicate
6645769,6638702,Duplicate
29359741,29137090,Duplicate
32575508,30809362,Parallelism
15124091,2353404,Duplicate
33452435,19783646,Duplicate
34173012,31810832,Parallelism
1139189,786734,Duplicate
25102035,10901259,Containment
5437794,763579,Priori
61628660,33092424,Parallelism
44788849,14220321,Duplicate
14270543,919612,Containment
20931654,1334694,Duplicate
19995777,17677655,Parallelism
53724604,38592137,Duplicate
18355555,5412069,Duplicate
27298223,21977532,Duplicate
53394547,20773850,Duplicate
4273121,274474,Duplicate
26118679,14810215,Duplicate
51074890,2808549,Duplicate
45176243,44885943,Parallelism
64930087,62744121,Priori
49591806,11318942,Priori
3174509,1449438,Containment
77077,76437,Priori
46408994,4475200,Containment
41956504,18239665,Priori
28429194,362006,Containment
28429194,696641,Containment
2908346,2293724,Priori
21012187,8923988,Containment
463307,463117,Priori
36940852,36919852,Duplicate
19071716,19071717,Priori
27843088,12232775,Duplicate
11805336,2518960,Duplicate
39769855,21103600,Duplicate
30097217,19806947,Duplicate
28035225,9067777,Priori
59069036,34980212,Duplicate
63135171,63133598,Parallelism
17893012,13022788,Parallelism
52013731,52012868,Parallelism
4660317,2050145,Duplicate
49735901,48599182,Priori
41454237,5559132,Priori
45155580,34158197,Priori
57698466,40934452,Priori
5886279,5885270,Parallelism
40981579,17266450,Duplicate
46651398,31687067,Duplicate
54008793,34108140,Priori
15896997,2662323,Duplicate
62586863,15641895,Duplicate
10984605,9532721,Containment
29733506,29630168,Duplicate
50365522,50367467,Duplicate
11228080,2620698,Duplicate
1043525,6980,Parallelism
21052897,19778924,Containment
8422234,495631,Containment
57270624,6944095,Duplicate
52682534,52682352,Duplicate
37097735,36997645,Duplicate
7997598,645771,Priori
38001210,37246263,Containment
53075367,16372984,Duplicate
23862583,23862438,Duplicate
20471165,6244487,Containment
63222778,63222771,Duplicate
23549474,23483865,Parallelism
24962858,11765399,Priori
51712591,38537412,Containment
35012184,30101172,Duplicate
54350864,21020411,Priori
45753349,41140885,Duplicate
22803541,2087356,Duplicate
62021495,50986803,Duplicate
52832387,49153481,Priori
23285968,10741161,Duplicate
61993393,59481329,Priori
60909893,30284028,Parallelism
63557720,46246874,Parallelism
21247504,34319023,Duplicate
49940386,6237684,Parallelism
43232958,43233152,Parallelism
32945482,11782008,Containment
12848927,12698691,Duplicate
7493336,7433735,Duplicate
61913426,14243688,Priori
32739682,30383876,Priori
37330016,37330201,Parallelism
51410189,38318941,Priori
50132277,50018639,Duplicate
14451777,10851904,Duplicate
4853462,4402599,Duplicate
37628864,19078088,Containment
2737392,2729534,Duplicate
7131566,7132264,Duplicate
58945632,14346168,Duplicate
43642060,12535731,Duplicate
62064822,36955053,Priori
13771277,13726983,Parallelism
4770382,4770356,Priori
22063807,22059356,Parallelism
56148325,53944525,Priori
35836294,23899551,Priori
34724068,34723835,Duplicate
46342928,45401735,Duplicate
12320078,12319879,Priori
4111938,3497939,Containment
21607334,19548049,Duplicate
49701944,44597697,Priori
24738355,16763688,Duplicate
12344298,11943107,Containment
52324833,52324792,Containment
13539386,13539266,Priori
31542447,31542950,Duplicate
62829366,56078171,Posterior
33062471,17587751,Posterior
15790622,15787053,Posterior
59724998,59695554,Posterior
28882691,24397159,Posterior
60721332,35491274,Posterior
45907915,15746335,Posterior
26468330,7015874,Posterior
20709882,3033007,Posterior
56769297,38340078,Posterior
33946709,910740,Posterior
21437734,17677304,Posterior
15824616,3887590,Posterior
53723176,18231860,Containment
53723176,26603589,Containment
59275509,703073,Posterior
39899217,34190447,Posterior
41848360,15116116,Posterior
33124640,4604036,Posterior
55058978,54861921,Posterior
53035816,52521201,Posterior
2045642,602822,Posterior
42113474,39765591,Posterior
23462936,22515948,Posterior
53765070,52017677,Posterior
20573875,794592,Posterior
58166520,50780314,Posterior
9574151,5873071,Posterior
58226827,33262376,Posterior
2153085,2289740,Posterior
46318982,11793684,Posterior
10474920,145714,Posterior
32657684,10167990,Posterior
8242894,38711,Posterior
33711004,8767450,Posterior
58104981,5708510,Posterior
53434147,43051793,Posterior
15612681,9720665,Posterior
16832908,16492261,Posterior
61876026,1055861,Posterior
25803708,24980210,Posterior
34008444,12358892,Posterior
56665941,2068407,Posterior
8037476,4948508,Posterior
28335590,1729545,Posterior
57228777,54359875,Posterior
47773370,44588567,Posterior
14506426,41598,Posterior
32470363,325964,Posterior
35545027,34732579,Posterior
36244816,18117469,Posterior
14766446,14766372,Posterior
50587225,2707554,Posterior
18816670,7169467,Posterior
15961639,15234631,Posterior
62829366,56078171,Posterior
33062471,17587751,Posterior
15790622,15787053,Posterior
59724998,59695554,Posterior
28882691,24397159,Posterior
60721332,35491274,Posterior
45907915,15746335,Posterior
26468330,7015874,Posterior
20709882,3033007,Posterior
56769297,38340078,Posterior
33946709,910740,Posterior
21437734,17677304,Posterior
15824616,3887590,Posterior
53723176,18231860,Containment
53723176,26603589,Containment
59275509,703073,Posterior
39899217,34190447,Posterior
41848360,15116116,Posterior
33124640,4604036,Posterior
55058978,54861921,Posterior
53035816,52521201,Posterior
2045642,602822,Posterior
42113474,39765591,Posterior
23462936,22515948,Posterior
53765070,52017677,Posterior
20573875,794592,Posterior
58166520,50780314,Posterior
9574151,5873071,Posterior
58226827,33262376,Posterior
2153085,2289740,Posterior
46318982,11793684,Posterior
10474920,145714,Posterior
32657684,10167990,Posterior
8242894,38711,Posterior
33711004,8767450,Posterior
58104981,5708510,Posterior
53434147,43051793,Posterior
15612681,9720665,Posterior
16832908,16492261,Posterior
61876026,1055861,Posterior
25803708,24980210,Posterior
34008444,12358892,Posterior
56665941,2068407,Posterior
8037476,4948508,Posterior
28335590,1729545,Posterior
57228777,54359875,Posterior
47773370,44588567,Posterior
14506426,41598,Posterior
32470363,325964,Posterior
35545027,34732579,Posterior
36244816,18117469,Posterior
14766446,14766372,Posterior
50587225,2707554,Posterior
18816670,7169467,Posterior
15961639,15234631,Posterior
62829366,56078171,Posterior
33062471,17587751,Posterior
15790622,15787053,Posterior
59724998,59695554,Posterior
28882691,24397159,Posterior
60721332,35491274,Posterior
45907915,15746335,Posterior
26468330,7015874,Posterior
20709882,3033007,Posterior
56769297,38340078,Posterior
33946709,910740,Posterior
21437734,17677304,Posterior
15824616,3887590,Posterior
53723176,18231860,Containment
53723176,26603589,Containment
59275509,703073,Posterior
39899217,34190447,Posterior
41848360,15116116,Posterior
33124640,4604036,Posterior
55058978,54861921,Posterior
53035816,52521201,Posterior
2045642,602822,Posterior
42113474,39765591,Posterior
23462936,22515948,Posterior
53765070,52017677,Posterior
20573875,794592,Posterior
58166520,50780314,Posterior
9574151,5873071,Posterior
58226827,33262376,Posterior
2153085,2289740,Posterior
46318982,11793684,Posterior
10474920,145714,Posterior
32657684,10167990,Posterior
8242894,38711,Posterior
33711004,8767450,Posterior
58104981,5708510,Posterior
53434147,43051793,Posterior
15612681,9720665,Posterior
16832908,16492261,Posterior
61876026,1055861,Posterior
25803708,24980210,Posterior
34008444,12358892,Posterior
56665941,2068407,Posterior
8037476,4948508,Posterior
28335590,1729545,Posterior
57228777,54359875,Posterior
47773370,44588567,Posterior
14506426,41598,Posterior
32470363,325964,Posterior
35545027,34732579,Posterior
36244816,18117469,Posterior
14766446,14766372,Posterior
50587225,2707554,Posterior
18816670,7169467,Posterior
15961639,15234631,Posterior
3591876,122291,Parallelism
9831492,8510751,Priori
8037476,4948508,Parallelism
57160952,46867399,Parallelism
42604516,263416,Parallelism
31284251,26116497,Parallelism
51063806,56669587,Parallelism
1673912,481026,Parallelism
28251508,39295456,Parallelism
4170360,4170345,Parallelism
6079116,6079086,Parallelism
60013277,58987318,Parallelism
21943311,21942981,Parallelism
10490318,9566508,Priori
56114534,1639625,Parallelism
58468317,36662322,Parallelism
50859211,50755479,Duplicate
14349182,1176910,Duplicate
61576625,17585730,Priori
58167603,58024830,Duplicate
48020809,43564490,Parallelism
53657911,34510,Priori
26206322,5441893,Containment
21931268,11052202,Duplicate
10895284,3913512,Duplicate
39907602,37533073,Duplicate
31317848,29792313,Priori
1191573,639694,Containment
39521233,39520477,Priori
15193071,5002360,Priori
7062698,1057789,Priori
23191574,1180860,Parallelism
48739311,1596221,Parallelism
50322960,43416178,Priori
16987344,10830014,Priori
39382345,39371301,Containment
7190634,7067672,Duplicate
64114501,58384999,Duplicate
40129272,28250018,Priori
36715495,927358,Containment
24854243,1634268,Priori
23207318,2610497,Parallelism
39038395,8238407,Duplicate
16404835,11916706,Duplicate
47763357,47763274,Priori
43288955,3225897,Priori
37008037,12688092,Parallelism
20755247,3177733,Duplicate
42553470,40280936,Parallelism
54036606,16608878,Duplicate
8905100,6709520,Containment
45249990,7782641,Priori
49536151,44493378,Priori
11022504,772841,Containment
20387320,20386943,Parallelism
36688522,16518556,Priori
11104317,5577334,Priori
32194064,32110312,Parallelism
41946720,13596901,Duplicate
22630641,22630970,Containment
45275785,45242774,Priori
35364450,16871792,Duplicate
28958761,249791,Parallelism
31159517,3177364,Priori
33083281,32246845,Duplicate
9083131,1919972,Priori
51732351,6976917,Priori
47272010,47271992,Parallelism
45846807,1299871,Parallelism
3264933,176775,Priori
24668856,24630230,Duplicate
34244418,273313,Containment
21340358,11689204,Parallelism
56053688,56053684,Containment
20364767,19699484,Posterior
14033526,11241080,Duplicate
34029362,34029336,Duplicate
58256472,58197730,Priori
49494432,10407159,Duplicate
19007861,18339696,Priori
19235746,6416763,Parallelism
36313106,12433558,Priori
17224376,3293398,Parallelism
29142712,17544141,Containment
57430530,24902615,Priori
55287343,53073475,Priori
2000182,1940841,Parallelism
19800462,13861640,Duplicate
15090520,15104784,Duplicate
5064412,4579666,Duplicate
16106468,3885783,Containment
25786002,21525034,Priori
41502084,41378447,Posterior
57305269,28120222,Containment
48960835,3514158,Duplicate
45267146,12255071,Posterior
14279605,14279571,Duplicate
1037530,1026805,Duplicate
26210889,21246294,Duplicate
51449806,24363363,Priori
53160860,16279856,Parallelism
50181022,6958886,Duplicate
46955340,212350,Priori
12122761,4056860,Priori
17765909,8231877,Duplicate
17653634,10767768,Priori
64635870,48509863,Priori
5396885,4719160,Duplicate
61817010,53614077,Parallelism
38264057,4766201,Duplicate
26032203,11342897,Containment
18393065,10859966,Duplicate
28062433,6414278,Priori
42761534,20018503,Priori
44129460,37102397,Priori
52267430,32814653,Duplicate
12069418,138313,Parallelism
30464753,604424,Containment
52425245,15087131,Parallelism
8315494,393870,Containment
5557032,4636477,Containment
54755521,51844327,Containment
7207370,720177,Duplicate
20368439,9436219,Parallelism
6905403,6905360,Parallelism
6135899,2808121,Priori
50579428,48041821,Containment
48802595,48764063,Priori
9274715,997779,Duplicate
3965851,3959953,Parallelism
50563188,48762782,Parallelism
17092139,16823729,Duplicate
52962411,31011265,Containment
24119718,23458891,Priori
6088628,1259208,Containment
53708630,43573500,Containment
31479429,1325673,Parallelism
34577007,12043956,Duplicate
31057575,31057149,Containment
50924248,7782113,Parallelism
28051492,27770401,Priori
59121094,23824577,Containment
15594144,7814089,Containment
35260511,18310392,Containment
50389085,28060976,Duplicate
16060900,12271016,Parallelism
15028080,314426,Priori
14592765,337704,Containment
35801469,30987866,Duplicate
1384055,1363509,Duplicate
38492541,27772010,Parallelism
27658385,27644615,Duplicate
11601718,8888045,Parallelism
21740341,11439859,Containment
22912367,18387239,Containment
3195997,760321,Priori
13448457,13201532,Priori
41981313,9444915,Parallelism
25309158,23832492,Duplicate
22458368,9187624,Containment
40678394,5600084,Duplicate
21055945,299304,Priori
41970087,41969989,Duplicate
7933140,1032006,Parallelism
35855744,29648907,Priori
59495197,52626726,Containment
28700943,14890164,Duplicate
23787717,23787500,Duplicate
24082936,16193873,Parallelism
62855917,50694881,Parallelism
34153184,31529841,Containment
31236594,427297,Priori
58488437,56826692,Parallelism
11073448,2283374,Duplicate
21879042,11164789,Containment
13185231,5289147,Duplicate
13404182,2380553,Containment
34926586,19382017,Parallelism
23048743,9444503,Duplicate
34222527,4441865,Containment
50715512,40252885,Duplicate
25165306,1099759,Duplicate
30100656,11737193,Containment
64456161,7355187,Containment
23801941,7134825,Parallelism
55952283,55949218,Priori
9989857,7719114,Duplicate
5353429,80802,Priori
52768429,33909390,Parallelism
11269732,1461533,Parallelism
5335897,4682742,Posterior
21119747,7486130,Priori
54084074,52535553,Priori
34855009,31824572,Containment
59784681,59367964,Duplicate
34459189,609382,Parallelism
32967457,8168051,Containment
4369278,4368913,Priori
51170356,31346246,Duplicate
38858841,36484282,Parallelism
24753570,24753111,Priori
15583095,12756567,Containment
14484298,8836530,Parallelism
5850656,3882999,Containment
12404607,1436663,Parallelism
8089165,6268518,Containment
39549011,10410180,Parallelism
14625786,1641444,Duplicate
39937838,39911076,Parallelism
43376142,43374766,Parallelism
43624914,21797534,Parallelism
49479479,18156824,Parallelism
25859897,16804205,Containment
13585004,7307083,Containment
18412398,14682688,Containment
23036282,20733805,Priori
28661852,23168236,Containment
38776806,30878607,Duplicate
42395186,18738486,Priori
43135556,7310570,Containment
14473819,3465681,Duplicate
20963038,20119324,Priori
1452054,1371813,Priori
12657628,3368818,Parallelism
9467279,946790,Containment
60687791,2204058,Priori
16858703,16300933,Containment
61490554,23818216,Parallelism
58674092,15138614,Duplicate
17173198,5941809,Priori
60371074,48376890,Duplicate
33057009,19344462,Containment
31591020,10232574,Parallelism
21929588,21853803,Duplicate
19358487,7651980,Parallelism
37084306,3496971,Containment
54555892,53095542,Duplicate
40705122,28219848,Parallelism
61235902,55829661,Parallelism
5279044,5204928,Parallelism
6747990,6723929,Priori
23940270,19849122,Priori
36479210,127116,Parallelism
1995039,1986825,Priori
29973384,8151300,Priori
5812749,3453616,Containment
9578742,8882582,Priori
2035427,2025839,Containment
21712525,204476,Containment
17113393,17112872,Priori
33488815,16329566,Parallelism
7861712,3808737,Posterior
57071132,31419897,Containment
50180078,17688428,Parallelism
53651461,5174773,Containment
14977999,14954742,Containment
461836,452139,Priori
17877128,1732454,Containment
61202633,36938363,Duplicate
63071430,28994875,Containment
34271765,34066637,Duplicate
23330783,9104880,Priori
58373109,58372995,Duplicate
52709590,7869711,Parallelism
17886642,86083,Containment
23473760,2007192,Duplicate
673779,392721,Parallelism
5143139,2713410,Containment
34937891,8659693,Containment
16764807,4277567,Parallelism
48802231,2365993,Priori
41747248,3609963,Duplicate
29945995,4962559,Duplicate
56177924,469951,Priori
54505560,21781604,Containment
32216603,17486746,Priori
10503276,2124351,Parallelism
8759384,3342984,Containment
40513024,9847580,Containment
24497435,19387428,Containment
20749115,9486961,Priori
56199104,31014515,Priori
38312668,33949786,Priori
50076627,50076692,Priori
47802254,27856603,Priori
17180646,5909910,Parallelism
42080033,605845,Containment
42762845,11945876,Containment
49457750,49457487,Priori
5637623,4729406,Duplicate
57438860,48167596,Containment
49995468,37618892,Duplicate
31992335,31192183,Duplicate
48430509,43218971,Containment
52166479,45881069,Duplicate
445990,444757,Priori
35129590,533905,Containment
56521245,44746794,Parallelism
59857806,29713230,Priori
40702273,767759,Containment
20858435,19715225,Priori
10920239,8127421,Containment
64322081,50229840,Containment
24517948,15023517,Containment
33382440,9650265,Containment
37847945,6652253,Duplicate
3360122,2562523,Parallelism
20909904,2737388,Containment
14135495,1300655,Containment
46120887,23429888,Priori
39399145,42655,Priori
52759171,13808405,Duplicate
34844855,10041410,Parallelism
56143201,6045897,Priori
36671495,9067108,Containment
48018137,27388443,Containment
39416277,25858722,Containment
46566556,44679222,Duplicate
17463332,15993339,Containment
20552090,14739996,Parallelism
62267353,23729883,Parallelism
51178373,48586895,Containment
37045324,27804315,Parallelism
12942027,860966,Duplicate
22592428,8744107,Containment
40331408,11227809,Containment
9719438,5744506,Duplicate
40984318,509211,Containment
65008911,53395147,Duplicate
42779743,42779656,Duplicate
23770934,845021,Containment
54151880,16031145,Parallelism
10162267,881112,Containment
47522431,12073513,Containment
32279134,17378538,Containment
39785991,13725747,Containment
36199764,11032810,Priori
42559922,42541111,Priori
15594289,10457872,Priori
21272056,13258259,Parallelism
45656354,28081308,Containment
22201054,22201492,Posterior
47845960,23201616,Containment
1524228,1087724,Priori
23840190,8567114,Parallelism
35538285,1096554,Parallelism
17421847,747210,Parallelism
25247944,21938907,Priori
29689842,29665257,Duplicate
64375732,54334701,Parallelism
63364970,42449814,Duplicate
3713144,797575,Priori
53324567,45935179,Containment
41669526,36320421,Containment
47915341,32976966,Priori
61536922,2624427,Parallelism
38174370,31134333,Containment
48318512,16919580,Priori
55099187,29646301,Parallelism
3969690,3946968,Priori
15024789,6211911,Containment
26110583,12800007,Containment
6018814,4245552,Duplicate
43058497,35064386,Priori
26895604,20139404,Parallelism
42866470,28320630,Priori
28857893,1892107,Containment
58290664,7668502,Duplicate
53300974,22130100,Parallelism
11852284,11727151,Posterior
33173101,18063395,Duplicate
48977514,39054414,Duplicate
61246373,14188654,Containment
50666146,31847406,Priori
38727796,12015128,Containment
44571549,44367672,Duplicate
11400910,9954201,Duplicate
48165612,45100442,Containment
42186943,3098817,Priori
24357745,2562051,Parallelism
28301600,28300593,Parallelism
63248549,4839672,Duplicate
31811539,26517961,Parallelism
35339987,34807397,Duplicate
19205621,1171749,Duplicate
48775755,17309288,Containment
61944771,17994666,Containment
37260652,30397631,Parallelism
30502239,17941053,Containment
29408903,18667929,Parallelism
2673480,2673085,Containment
26292823,17333335,Parallelism
15413711,6028033,Containment
44006393,156503,Containment
15360223,1834077,Duplicate
21202197,51438,Priori
8890138,6402729,Priori
35973669,4088921,Containment
47101277,43396499,Duplicate
3203795,318988,Duplicate
5853905,3803521,Duplicate
28372562,3277503,Containment
60177861,53217838,Priori
38590291,3717292,Parallelism
47610433,34434921,Parallelism
5173764,3837115,Priori
58619685,39049188,Parallelism
54937014,49868852,Parallelism
57944293,4233873,Containment
39064895,13347389,Duplicate
44613361,8251933,Priori
22544694,82875,Containment
39545226,17209717,Priori
36943605,29841384,Duplicate
1965989,464722,Parallelism
35830285,14942678,Containment
47884962,54331080,Duplicate
1862697,727502,Duplicate
13371562,6304268,Parallelism
13888162,4240740,Priori
19630036,8847876,Containment
5548415,4093014,Duplicate
41498281,34873307,Parallelism
34275080,http://jsfiddle.net/sctcmr1h/6/,Working Example
24253323,https://github.com/jflesch/pyinsane,Priori
45871187,https://www.ncbi.nlm.nih.gov/gene/?term=AGAP8#see-all,Working Example
7769083,http://www.amazon.com/gp/offer-listing/B001H8QHG0,Working Example
65122333,https://graph-tool.skewed.de/,Priori
33947944,http://play.golang.org/p/IVXHLBRuPK,Working Example
62990876,https://codeforces.com/contest/377/submission/87407476,Working Example
39613594,https://www.sql-server-performance.com/w2k-filesystem-affects-performance/,Priori
55606424,https://devcenter.bitrise.io/builds/build-artifacts-online/,Priori
48939604,https://www.google.com/recaptcha/api/siteverify,Working Example
40487188,https://github.com/google/guava/blob/v20.0/guava/src/com/google/common/base/Preconditions.java#L1122,Working Example
31431970,https://github.com/dart-lang/sdk/issues/17597,Parallelism
41002853,https://github.com/fukamachi/prove,Priori
53604318,https://github.com/libgdx/libgdx/wiki/Gradle-on-the-Commandline#packaging-the-project,Priori
38349024,https://firebase.google.com/docs/cloud-messaging/topic-messaging,Priori
25078817,https://www.tutorialspoint.com/spring/index.htm,Priori
10582836,https://docs.microsoft.com/en-us/dotnet/api/microsoft.office.interop.outlook.mailitem?redirectedfrom=MSDN&view=outlook-pia,Priori
21613111,http://primefooddistributor.com/about.htm,Priori
57575457,http://michaelscharf.blogspot.com/2006/09/dont-swallow-interruptedexception-call.html,Priori
8981612,http://jsfiddle.net/BmbWr/,Working Example
51794866,http://jsfiddle.net/sfm70xLe/,Working Example
51349489,http://postcodes.io,Priori
42637197,https://support.google.com/docs/answer/3093364?hl=en,Priori
63653546,https://pub.dev/packages/flutter_open_whatsapp,Priori
25223405,http://silviomoreto.github.io/bootstrap-select/,Priori
64063333,https://regex101.com/r/a1Lb9g/1/,Priori
19196657,http://jsfiddle.net/UjhjY/,Working Example
12052804,https://github.com/blueimp/jQuery-File-Upload/,Priori
12481560,http://jsfiddle.net/PVYut/1/,Working Example
58739830,https://tewkenbak.github.io/tewken/,Priori
16083243,https://github.com/iPaulPro/aFileChooser,Priori
51204773,https://en.wikipedia.org/wiki/Two%27s_complement#Converting_to_two,Working Example
19955091,https://github.com/KrisOzolins/NavBuilder/blob/master/navbuilder.php,Priori
58875627,https://i.stack.imgur.com/fIz2r.png,Working Example
4024837,http://www.jqueryui.com,Priori
37197257,http://tympanus.net/codrops/2015/03/31/prism-effect-slider-canvas/,Priori
41454457,http://jasonweaver.name/blog/velocity-js-vertical-slide-without-jquery,Parallelism
44186688,https://docs.valence.desire2learn.com/res/user.html,Priori
1579500,http://jqueryui.com/demos/draggable/#visual-feedback,Priori
41532659,https://i.stack.imgur.com/GgMTL.png,Priori
29867384,http://download.java.net/jdk7u2/docs/technotes/tools/solaris/javadoc.html#javadocoptions,Parallelism
59261898,https://i.stack.imgur.com/gy52N.jpg,Working Example
45225191,https://nmap.org,Priori
46021115,https://i.stack.imgur.com/vElXz.png,Working Example
41132183,https://i.stack.imgur.com/fHjwV.jpg,Working Example
24404805,http://en.wikipedia.org/wiki/Hyper-threading,Priori
42810380,https://api.instagram.com/v1/users/,Priori
50514092,https://github.com/apache/incubator-airflow/blob/v1-9-stable/airflow/operators/sensors.py,Priori
19879676,http://algs4.cs.princeton.edu/11model/BinarySearch.java.html,Priori
7287274,https://github.com/sferik/rails_admin,Priori
43219156,https://www.meteor.com/tutorials/blaze/running-on-mobile,Priori
37875081,https://www.npmjs.com/package/grunt-force-task,Parallelism
14389147,http://dimroc.github.com/reveal.js-threejs/#/,Priori
45815212,https://graph.facebook.com/MYPAGENAME/posts?access_token=MYACCESSTOKEN,Working Example
44386781,https://i.stack.imgur.com/tSuCr.png,Working Example
43905107,https://i.stack.imgur.com/nBh4w.jpg,Working Example
21307520,https://github.com/openhome/ohLibSpotify,Priori
32297544,https://fsprojects.github.io/FSharpx.Collections/reference/fsharpx-collections-nonemptylist-1.html,Parallelism
17502205,http://simpl.info/getusermedia/constraints/index.html,Priori
9621362,http://en.wikipedia.org/wiki/Exponential_smoothing,Priori
39692148,https://developers.google.com/sheets/reference/rest/v4/spreadsheets.values/update,Priori
13336049,http://argillander.wordpress.com/2011/11/24/scale-image-into-imageview-then-resize-imageview-to-match-the-image/,Priori
33135278,https://www.codementor.io/swift/tutorial/adding-twitter-facebook-login-parse-tutorial-ios,Parallelism
14175544,http://i.stack.imgur.com/6WKjF.png,Working Example
41140676,https://www.nuget.org/packages/EPPlus,Priori
22167445,http://i.stack.imgur.com/TU9Ot.png,Working Example
53454593,https://financialmodelingprep.com/api/financials/income-statement/AAPL,Working Example
9704919,http://www.codeproject.com/Articles/18664/Security-Assertion-Markup-Language-SAML2-0,Parallelism
33128328,http://symfony.com/doc/current/bundles/FOSUserBundle/overriding_forms.html,Priori
16501160,https://github.com/replit/jsrepl,Priori
50268370,https://imgur.com/a/lakB6jt,Working Example
38828120,https://studyacer.com/question/audit-and-,Priori
47987375,https://i.stack.imgur.com/9VMFG.png,Working Example
19426682,http://www.websiteprofessioneel.nl,Working Example
49287362,https://techforpassion.blogspot.com/2013/03/how-to-split-comma-separated-string-and.html,Parallelism
15859508,https://www.mediawiki.org/wiki/Manual:Interface/JavaScript,Priori
53860357,https://i.stack.imgur.com/WGiAk.png,Working Example
31820063,http://www.dotnetthoughts.net/how-to-host-asp-net-5-application-in-azure-web-apps/,Parallelism
63980652,https://mywebsite.com/wp-content/themes/"mytheme"/assets/js,Working Example
34154041,https://i.imgur.com/2B5VDXv.png,Working Example
22192710,https://github.com/ccgus/fmdb,Parallelism
42287609,https://www.youtube.com/watch?v=KNAQ3Y8PGkM&t=1s,Priori
55347759,https://1drv.ms/x/s,Working Example
4822398,https://i.stack.imgur.com/9mit0.png,Working Example
53268212,https://www.telerik.com/forums/=-24-hour-events-treated-as-all-day,Parallelism
59520108,https://developer.salesforce.com/docs/atlas.en-us.apexcode.meta/apexcode/apex_connector_start.htm,Priori
52588928,https://github.com/RolifyCommunity/rolify,Priori
29820793,http://adamish.com/blog/archives/806,Parallelism
56400317,https://www.digitalocean.com/community/tutorials/understanding-class-inheritance-in-python-3,Parallelism
4306495,http://www.alistapart.com/articles/flashsatay,Priori
57508268,https://github.com/zenchild/gssapi,Priori
56259820,http://mrb-admin.xpeditefulfillment.com/v5fmsnet/OeCart/OeFrame.asp?PmSess1=1339143&SXREF=0&CurPath=1,Working Example
3402466,http://www.diaryofaninja.com/blog/2011/04/03/windows-phone-7-live-tile-schedules-ndash-executing-instant-live-tile-updates,Working Example
33850371,https://i.stack.imgur.com/8Rh6o.png,Working Example
64621461,https://i.stack.imgur.com/5o6ma.png,Working Example
36704273,http://docs.aws.amazon.com/cognito/latest/developerguide/step2-getting-started.html?shortFooter=true#store-sync-data-1.javascript,Working Example
26151270,https://developers.facebook.com/docs/graph-api/using-graph-api/v2.1#paging,Priori
63041627,https://i.stack.imgur.com/ozAy4.png,Parallelism
36461605,http://i.stack.imgur.com/g3qnj.png,Working Example
59901384,https://i.stack.imgur.com/ldFxB.png,Working Example
45174974,https://webpack.js.org/guides/dependency-management/#require-context,Working Example
36419053,https://i.stack.imgur.com/Dxzen.png,Working Example
48059681,http://website.com/category/,Working Example
55890971,https://www.captechconsulting.com/blogs/annotation-driven-reactive-web-apis-with-spring-webflux,Working Example
43078150,https://github.com/hazelcast/hazelcast-hibernate5/issues/13,Parallelism
14742277,http://pypi.python.org/packages/source/l/lxml/lxml-3.1beta1.tar.gz,Parallelism
36855762,https://i.stack.imgur.com/hz3SA.png,Working Example
32553326,https://docs.google.com/spreadsheets/d/1ZVu90K8oWQs82T8whr0Vb8IX5fso6MwcAh3wBKofUBs/edit?usp=sharing,Working Example
43998547,http://www.haproxy.org/download/1.7/src/haproxy-1.7.5.tar.gz,Working Example
19401889,http://docs.oracle.com/javase/7/docs/api/java/nio/file/attribute/package-summary.html,Priori
51936923,https://i.stack.imgur.com/wkZ7y.png,Working Example
16202509,http://fiddler2.com/documentation/Configure-Fiddler/Tasks/DecryptHTTPS,Working Example
63677443,https://i.stack.imgur.com/FxHN4.png,Working Example
24650298,http://codepen.io/viralpickaxe/pen/wfqxc,Working Example
28613688,https://i.stack.imgur.com/MhR4H.png,Working Example
50647349,https://www.npmjs.com/package/mydatepicker,Working Example
12902115,http://www.codeproject.com/Articles/327420/WCF-REST-Service-with-JSON,Working Example
47936718,https://i.stack.imgur.com/a59fc.png,Parallelism
29173614,https://spring.io/guides/gs/rest-service/,Working Example
12856486,https://i.stack.imgur.com/644qc.png,Working Example
18315108,https://i.stack.imgur.com/xjPXOm.jpg,Working Example
5728279,http://bottlepy.org,Priori
40668097,https://github.com/flow-typed/flow-typed,Priori
48962733,http://stegonia.fr/autocomplete/index2.php,Priori
23088230,https://i.stack.imgur.com/RzVDX.png,Working Example
10300554,https://forta.com/2007/05/30/cf8-debugger-getting-started/,Working Example
25068179,https://i.stack.imgur.com/9xXF3.png,Parallelism
62484977,https://i.stack.imgur.com/quvdW.png,Working Example
13077478,http://www.kerrydeaf.com/shade2.png,Working Example
29345826,http://night.sendme.to/about,Working Example
21058573,http://api.yandex.com/xml/doc/dg/concepts/response.xml,Priori
22178415,http://docs.aws.amazon.com/AWSJavaSDK/latest/javadoc/com/amazonaws/services/elasticmapreduce/AmazonElasticMapReduce.html,Priori
52593008,https://www.npmjs.com/package/photo-editor-sdk-react-native,Other
45165895,http://my.blog.net/wp-content/baanner-loan.jpg,Working Example
39437956,https://github.com/angular/angular/issues/4231,Working Example
31976561,http://podio.github.io/jquery-mentions-input/,Parallelism
28838071,http://davidstutz.github.io/bootstrap-multiselect/#getting-started,Priori
56206290,https://github.com/LineageOS/android_device_sony_sumire,Parallelism
42236303,https://i.stack.imgur.com/XsrYC.png,Parallelism
49808505,https://start.spring.io/,Working Example
28371331,https://github.com/aspnet/home#getting-started,Priori
50068184,https://cocoapods.org/pods/GoogleMobileVision,Priori
35181299,https://guides.codepath.com/android/Handling-Scrolls-with-CoordinatorLayout,Parallelism
36839369,https://doc.qt.io/qt-5/qtserialport-cwriterasync-example.html,Parallelism
42517256,https://drive.google.com/open?id=0Bz6MObtH-KRAZGhaSjduNzlVOUE,Parallelism
9504217,https://i.stack.imgur.com/ChM6O.png,Parallelism
29293181,https://i.stack.imgur.com/J2hoM.png,Working Example
5853157,http://www.logansbailey.com/2010/10/06/how-to-setup-authlogic-in-rails-3/,Working Example
6110063,https://i.stack.imgur.com/Z1xh7.png,Working Example
60957867,https://docs.google.com/spreadsheets/d/1X3b59rveavE9LHn4Wt8vgzGTvQ7mkbKGDKOUO_IjXG0/edit?usp=sharing,Working Example
12131190,http://simplehtmldom.sourceforge.net/manual.htm,Working Example
20114777,http://jsfiddle.net/Ramz2/2/,Working Example
27293893,http://jades-world.com/schoolassign/,Working Example
60047891,https://fakeurldomain.com,Working Example
54204592,https://i.stack.imgur.com/1yeVL.png,Working Example
52244355,https://i.stack.imgur.com/76g5A.png,Working Example
46954143,http://learningfrombigdata.com/semantic-similarity-between-sentences-using-apache-spark/,Working Example
18391341,http://technet.microsoft.com/en-us/library/bb726981.aspx#EDAA,Parallelism
40810788,http://ghusse.github.io/jQRangeSlider/,Parallelism
29501813,http://www.udoo.org/,Priori
8803470,http://jsfiddle.net/6Zvs6/,Working Example
31689629,https://i.stack.imgur.com/tdAUO.png,Working Example
42377465,https://jsfiddle.net/snessnes/4xbLL81v/2/,Working Example
20951042,http://cx4a.org/software/rsense/manual.html#Installation,Priori
57216603,https://en.wikipedia.org/wiki/Mini-map,Working Example
22705583,http://example.com/login.php,Working Example
16880005,http://www.footywire.com/afl/footy/ft_match_statistics?mid=5634&advv=Y,Working Example
63419372,https://github.com/jedisct1/rust-siphash/blob/146ba215aa787d676edcb0324082bc6e0608288e/Cargo.toml#L23,Working Example
10544121,https://i.stack.imgur.com/rvJo6.gif,Priori
27735820,https://i.stack.imgur.com/37yc6.png,Working Example
19237370,http://www.plasticscm.com/releases/3.0/manuals_html/en/UserGuide-EN.htm#_Toc266201396,Working Example
27164479,http://www.php-maven.org/tags/2.0.0/php-web-5min.html,Priori
64216201,https://www.metrocuadrado.com/bodega/arriendo,Working Example
29350989,http://gradle.org/docs/2.3-rc-2/dsl/org.gradle.api.tasks.compile.CompileOptions.html,Working Example
29789424,https://github.com/diversit/json4s-pojo-deserialization-issue,Parallelism
35289356,https://i.stack.imgur.com/e39KZ.png,Parallelism
21535137,https://github.com/ytai/ioio/wiki/Eclipse-Troubleshooting,Working Example
14218632,https://docs.djangoproject.com/en/1.5/ref/templates/builtins/#include,Parallelism
50063707,https://github.com/FFmpeg/FFmpeg/blob/release/3.2/libavcodec/h264_slice.c#L2475,Working Example
63409620,https://i.stack.imgur.com/YJ1m2.png,Working Example
51404788,https://i.stack.imgur.com/9La0q.png,Working Example
47237877,https://i.stack.imgur.com/5qqlt.jpg,Priori
59255211,https://bugs.java.com/bugdatabase/view_bug.do?bug_id=8138730,Working Example
19168734,http://www.yaml.org/spec/1.2/spec.html#id2779048,Working Example
58858485,https://i.stack.imgur.com/2IYMi.png,Priori
64685150,https://github.com/kimmobrunfeldt/progressbar.js,Priori
61087356,https://i.stack.imgur.com/MpQHS.jpg,Working Example
54047317,https://i.stack.imgur.com/AbhnZ.png,Working Example
34645311,http://jsfiddle.net/e3b9bopz/77/,Working Example
36486706,http://jsfiddle.net/x22xE/104/,Working Example
29024983,http://jakoblaegdsmand.com/blog/2012/05/rails-datetime-picker/,Working Example
53248057,https://i.stack.imgur.com/KlI4u.jpg,Parallelism
11608709,http://android-developers.blogspot.com/2009/01/avoiding-memory-leaks.html,Working Example
47941539,https://vuejsfeed.com/blog/modal-component-for-semantic-ui,Parallelism
42011066,https://fiddle.jshell.net/tictac18g/83m659zL/,Parallelism
19023498,http://linqpad.net,Working Example
53354576,https://i.stack.imgur.com/Y3la8.png,Working Example
7937368,http://ponystyle.com/blog/2010/03/26/dealing-with-asset-compression-in-android-apps/,Working Example
47410964,https://i.stack.imgur.com/J9wrZ.jpg,Parallelism
47203176,https://subdomain.website.com/groups/aa-var-group-members-only-two/blog/2017/10/22/blog,Working Example
51945244,https://about.gitlab.com/2016/01/08/feature-highlight-wip/,Working Example
24744401,http://www.bootply.com/YcaTxtftSW,Working Example
35296182,https://msdn.microsoft.com/en-us/library/ms675299(v=vs.85).aspx,Working Example
36250663,http://www.evoluted.net/thinktank/web-development/paypal-php-integration,Parallelism
50063354,https://i.stack.imgur.com/xleCA.jpg,Parallelism
41557133,https://i.stack.imgur.com/7vL6z.jpg,Working Example
2786899,http://pastebin.com/azzuk072,Working Example
39208923,http://www.microsoft.com/typography/otspec/cbdt.htm,Working Example
51767326,https://i.stack.imgur.com/I6HFU.png,Working Example
62250690,https://pierrelib.pagesperso-orange.fr/exec_formats/DJGPP_COFF.html,Working Example
10118495,https://i.stack.imgur.com/iSbxT.jpg,Working Example
41895243,https://i.stack.imgur.com/AQM3e.jpg,Working Example
37700203,https://jsfiddle.net/sarowerj/cyu0u9rk/1/,Working Example
46477794,https://firebase.google.com/docs/auth/web/cordova,Working Example
50449113,https://i.stack.imgur.com/W2Urw.png,Parallelism
38553472,http://i.stack.imgur.com/kSZW2.png,Working Example
62674027,https://i.stack.imgur.com/RH3dM.jpg,Working Example
48367878,https://i.stack.imgur.com/9bANU.png,Working Example
49508931,https://pypi.python.org/pypi/pdf2image/0.1.0,Working Example
39671090,https://linux.die.net/man/3/dprintf,Priori
39323994,https://github.com/thibauts/node-castv2,Priori
7874507,http://sass-lang.com/,Working Example
49749563,https://i.stack.imgur.com/wsVp0.png,Working Example
22455000,https://github.com/jgsato/BimlGen/blob/master/BimlGenerator.cs,Working Example
30280858,http://doc.qt.io/qt-5/videooverview.html,Parallelism
676457,http://www.amazon.fr/Nouveaut,Parallelism
62083481,https://apscheduler.readthedocs.io/en/latest/faq.html#how-do-i-share-a-single-job-store-among-one-or-more-worker-processes,Parallelism
58421325,https://i.stack.imgur.com/tGVuA.png,Parallelism
56014935,https://forum.ionicframework.com/t/ionic-4-cordova-run-android-firebase-error-all-of-a-sudden/163204/8,Parallelism
7598796,http://de.sourceforge.jp/projects/pdt-tools/,Parallelism
24561784,http://www.healthtap.com,Working Example
11279198,http://meppum.com/2009/jan/17/installing-django-ubuntu-intrepid/,Working Example
8431693,http://www.nodstrum.com/2007/09/19/autocompleter/,Working Example
32603287,http://www.nseindia.com/products/content/sec_bhavdata_full.csv,Working Example
38548597,http://plnkr.co/edit/34ajPEi1OucEXNw4L2Do?p=preview,Working Example
64033773,https://i.stack.imgur.com/lxj33.png,Working Example
64533005,https://github.com/swagger-api/validator-badge,Working Example
63008135,https://i.stack.imgur.com/5aiM9.png,Priori
41828278,https://i.stack.imgur.com/keNq0.png,Working Example
12782400,https://i.stack.imgur.com/qudlg.jpg,Working Example
34987281,http://example.com/sample-post/,Working Example
52241192,https://en.cppreference.com/w/cpp/container/deque,Working Example
20891198,http://www.w3.org/TR/wsdl,Priori
44355787,https://i.stack.imgur.com/uCOp5.png,Working Example
35290103,https://jsfiddle.net/5gcdsjox/,Working Example
20440136,http://download.java.net/jdk8/docs/api/java/util/Map.html#getOrDefault-java.lang.Object-V-,Working Example
31608572,http://www.101apps.co.za/articles/importing-android-studio-projects-into-eclipse.html,Working Example
45871728,https://www.learn2crack.com/2016/02/custom-swipe-recyclerview.html/,Parallelism
32585935,https://support.microsoft.com/en-us/kb/2911380,Parallelism
26497477,https://dl.dropboxusercontent.com/u/104410405/HTML%20Templates/Modern%20-%20Copy/index.html,Parallelism
58758470,https://i.imgur.com/W2o7ZZc.png,Working Example
14420344,https://d37wxxhohlp07s.cloudfront.net/s3_images/845437/Untitled_inline.png?1358558295,Working Example
50492748,https://console.aws.amazon.com/athena/home,Working Example
37470156,https://github.com/phmLabs/Smoke,Working Example
33827172,http://doc.qt.io/qt-5/qglwidget.html#details,Working Example
22548513,https://imgur.com/v8owzE1.png,Working Example
29812338,http://i.imgur.com/91HGTpl.png,Working Example
4798690,http://playmoreatthey.org/,Working Example
11667512,http://codepad.org/LQRuFMyg,Working Example
21150883,http://visualstudiogallery.msdn.microsoft.com/d0d33361-18e2-46c0-8ff2-4adea1e34fef/?SRC=VSIDE,Working Example
31319612,https://msdn.microsoft.com/en-us/library/ms733791(v=vs.110).aspx,Containment
19206509,https://i.stack.imgur.com/6DbLu.png,Working Example
65111890,https://i.stack.imgur.com/cP482.png,Working Example
31804090,https://aplacetogeek.wordpress.com/android-with-opencl-tutorial/,Parallelism
30078994,https://github.com/dyaskur/event-reminder,Parallelism
20848412,http://www.intel.com/content/dam/www/public/us/en/documents/manuals/64-ia-32-architectures-software-developer-vol-1-manual.pdf,Priori
48220269,https://github.com/EazyServer/Vue-Bootstrap-Calendar/issues/11,Parallelism
62840832,https://i.stack.imgur.com/GNI8m.png,Parallelism
2949622,http://search.cpan.org/perldoc?Try::Tiny,Working Example
19825294,https://i.stack.imgur.com/lHw5c.png,Working Example
64433928,https://i.stack.imgur.com/oYXiu.png,Working Example
28269483,https://spark.apache.org/docs/1.0.0/mllib-naive-bayes.html,Working Example
53600028,>https://www.app.com:8080/rest/api/customer/phone/personnalData,Working Example
46939281,https://i.stack.imgur.com/JjXmc.png,Working Example
32579779,http://bootsnipp.com/snippets/featured/circle-button,Working Example
62405881,https://i.stack.imgur.com/uyt5g.png,Parallelism
11912264,https://i.stack.imgur.com/igW7D.png,Working Example
48648938,https://www.aptible.com/,Working Example
46334646,https://paste.fedoraproject.org/paste/JmElgduugSKLVSAYm1htGw,Parallelism
63923959,https://i.stack.imgur.com/hFXyF.png,Parallelism
33074381,http://jsfiddle.net/georgeyanakiev/ca9pmv4L/3/,Working Example
15201761,https://i.imgur.com/QzIifUe.png,Working Example
26729560,http://azure.microsoft.com/en-us/documentation/,Working Example
7482703,http://jsfiddle.net/SBB9g/25/,Working Example
46774031,https://i.stack.imgur.com/Fehb3.png,Working Example
61754619,https://developer.mozilla.org/en-US/docs/Web/API/EventTarget/addEventListener,Working Example
42110808,https://i.stack.imgur.com/3u7PH.jpg,Working Example
34331695,https://i.stack.imgur.com/DdszB.png,Working Example
54223663,http://docs.h2o.ai/h2o/latest-stable/h2o-docs/data-science/algo-params/intercept.html,Parallelism
38222289,https://laracasts.com/discuss/channels/laravel/how-to-easily-use-a-bootstrap-template-as-a-laravel-5-layout,Parallelism
47327818,https://jsfiddle.net/DTcHh/39343/,Parallelism
31953455,http://d3pie.org/website/examples/refresh.html,Working Example
62613615,https://i.stack.imgur.com/fQTZn.png,Working Example
35222060,https://github.com/OfficeDev/office-js-docs/blob/master/excel/excel-add-ins-programming-overview.md,Working Example
26890455,https://developers.google.com/+/web/signin/add-button,Parallelism
54642294,https://drive.google.com/open?id=1k_4xOPlTdbUJCBPFyT9zmdB3W5lYfuw0,Parallelism
50191411,https://i.stack.imgur.com/gBBsU.png,Parallelism
15451485,https://i.stack.imgur.com/Hkkc3.png,Working Example
9840558,https://github.com/metaperl/emacs/blob/master/themes/darkclean.el,Working Example
43010081,https://learn.microsoft.com/zh-cn/windows/win32/direct2d/devices-and-device-contexts?redirectedfrom=MSDN,Parallelism
47912706,http://pandas.pydata.org/pandas-docs/stable/generated/pandas.read_json.html,Parallelism
32742938,https://parse.com/docs/rest/guide#users-logging-in,Containment
39487442,https://i.stack.imgur.com/kqUiy.png,Working Example
28400974,http://en.wikipedia.org/wiki/Nibble,Working Example
5805705,http://jsfiddle.net/alexdickson/gRpzW/,Working Example
56674549,https://github.com/ismaelisuani/rpt_events/blob/master/app_rpt.c,Working Example
32384703,https://gist.github.com/jbdelhommeau/f145ec2ce3620867582a,Working Example
33166361,https://i.stack.imgur.com/myYTN.png,Working Example
43724239,https://i.stack.imgur.com/Sfodg.png,Working Example
64461308,https://hyperledger-fabric.readthedocs.io/en/release-2.0/deploy_chaincode.html,Working Example
57481545,https://i.stack.imgur.com/nZ6qS.png,Working Example
22081280,http://i.stack.imgur.com/oarQp.png,Working Example
17993876,https://i.stack.imgur.com/tZr1D.png,Working Example
61640243,https://i.postimg.cc/DywgQkNs/20200507002255276.jpg,Working Example
64341508,https://i.stack.imgur.com/R31AC.png,Working Example
31626019,https://jsfiddle.net/nh40s9sf/,Working Example
49129255,https://msdn.microsoft.com/en-us/vba/access-vba/articles/form-repaint-method-access,Working Example
11028909,http://www.codeotaku.com/blog/2012-06/passenger-memory-check/index,Parallelism
5005948,http://en.wikipedia.org/wiki/Open_source_games,Parallelism
63545861,https://docs.microsoft.com/en-us/azure/azure-functions/durable/durable-functions-overview?tabs=csharp,Priori
16131911,http://jquerymobile.com/demos/1.2.1/docs/api/events.html,Priori
30907433,https://msdn.microsoft.com/en-us/library/ee372287%28v=vs.110%29.aspx#Other,Priori
30914796,https://github.com/plataformatec/devise,Priori
4480330,http://developer.apple.com/library/mac/documentation/CoreFoundation/Conceptual/CFMemoryMgmt/Concepts/Ownership.html#//apple_ref/doc/uid/20001148-103029,Priori
4721153,http://api.jquery.com/jQuery.get/,Priori
16385000,http://php.net/manual/en/language.oop5.typehinting.php,Parallelism
8049822,http://msdn.microsoft.com/en-us/library/system.xml.linq.xelement.aspx,Parallelism
36876746,https://laravel.com/docs/5.2/migrations#creating-tables,Priori
51346398,https://docs.microsoft.com/en-us/nuget/consume-packages/package-references-in-project-files,Priori
51787300,http://www.psychopy.org/api/visual/ratingscale.html,Parallelism
37363001,http://www.css3.info/preview/rounded-border/,Parallelism
33308151,http://www.ecma-international.org/ecma-262/6.0/#sec-arrow-function-definitions-runtime-semantics-evaluation,Priori
3781736,http://code.google.com/mobile/analytics/docs/iphone/,Priori
10301197,http://en.wikipedia.org/wiki/Same_origin_policy,Priori
55604284,https://docs.microsoft.com/en-us/dotnet/api/system.io.file,Priori
22404874,https://i.stack.imgur.com/r2PvK.png,Parallelism
34817598,http://www.postgresql.org/docs/current/static/protocol-message-formats.html,Priori
8376566,http://developer.apple.com/library/ios/#documentation/cocoa/conceptual/KeyValueCoding/Articles/SearchImplementation.html,Priori
6489886,http://api.rubyonrails.org/classes/ActiveRecord/ConnectionAdapters/TableDefinition.html#method-i-column,Priori
42546503,https://search.maven.org/#artifactdetails%7Cjavax.servlet%7Cjavax.servlet-api%7C3.1.0%7Cjar,Priori
57219976,https://androidride.com/how-to-change-rename-android-app-package-name-android-studio/,Parallelism
39151930,https://ruby-doc.org/core-2.3.1/Array.html#method-i-index,Parallelism
12525331,http://www.proxem.com/Default.aspx?tabid=119,Priori
6255876,http://www.gamedev.net/index,Other
6222701,http://paulirish.com/2009/bulletproof-font-face-implementation-syntax/,Parallelism
3414223,http://msdn.microsoft.com/en-us/library/64h235xe.aspx,Parallelism
25716965,http://github.com/tobya/DocTo,Priori
37931333,http://codepen.io/anon/pen/BzLMgx,Working Example
33217291,https://github.com/sindresorhus/devtools-detect,Working example
35062848,https://github.com/openiddict/core,Priori
14796428,http://msdn.microsoft.com/en-us/library/system.drawing.printing.printdocument%28v=vs.100%29.aspx,Priori
41450216,http://en.cppreference.com/w/cpp/memory/unique_ptr,Priori
48752885,https://bugs.webkit.org/show_bug.cgi?id=176439,Parallelism
59326759,https://i.stack.imgur.com/xmpgF.png,Parallelism
6908192,http://www.jstree.com/documentation/core,Parallelism
15585292,http://en.wikipedia.org/wiki/Valgrind,Priori
9299080,http://msdn.microsoft.com/en-us/library/ms186757.aspx,Priori
16589255,http://msdn.microsoft.com/en-us/library/system.int64.aspx,Priori
37330959,https://webpack.github.io/docs/webpack-dev-server.html#content-base,Priori
23094684,http://www.smashingmagazine.com/2013/07/22/simple-responsive-images-with-css-backgrounds/,Priori
22258005,http://support.microsoft.com/kb/161088,Parallelism
16285905,http://aspspider.com/,Priori
53677961,https://developer.mozilla.org/en-US/docs/Web/CSS/-webkit-text-stroke,Priori
8446420,http://docs.oracle.com/javase/6/docs/api/java/io/File.html,Priori
37985533,http://statsmodels.sourceforge.net/devel/examples/notebooks/generated/ols.html,Priori
16620034,https://github.com/mikereedell/sunrisesunset-ruby,Priori
22402879,http://dev.mysql.com/doc/refman/5.6/en/string-functions.html#function_find-in-set,Priori
44587308,https://en.wikipedia.org/wiki/Demand_paging,Priori
346088,http://www.codeproject.com/KB/trace/dependencygraph.aspx,Priori
60447775,https://github.com/harouny/NLog.Extensions.AzureTableStorage,Priori
41470129,http://www.allthingsdistributed.com/2013/02/aws-opsworks.html,Priori
49550682,http://es5.github.io/#x9.3,Priori
22402358,http://help.eclipse.org/juno/index.jsp?topic=/org.eclipse.platform.doc.user/tasks/tasks-exttools-running.htm,Priori
13110050,http://static.springsource.org/spring-security/site/extensions.html,Priori
49755448,http://wiki.bash-hackers.org/commands/builtin/mapfile,Priori
47628078,https://i.stack.imgur.com/WK1ru.png,Parallelism
21625244,http://www.phpliveregex.com/p/3C1,Working example
58919777,https://developers.docusign.com/esign-rest-api/guides/features/embedding,Working example
23549826,http://www.tldp.org/LDP/abs/html/process-sub.html,Priori
52851470,http://troubleshooting.kubernetes.sh/#poking-pods,Priori
45601677,https://i.stack.imgur.com/KVssl.jpg,Working Example
29667717,https://support.google.com/googleplay/android-developer/answer/139626,Working example
58357113,https://github.com/spring-projects/spring-boot/wiki/Spring-Boot-2.2.0-Draft-Release-Notes#spring-boot-22-release-notes,Priori
40120930,https://ruby-doc.org/core-2.3.0/Regexp.html#class-Regexp-label-Character+Classes,Priori
60813878,https://jmeter.apache.org/api/org/apache/jmeter/samplers/SampleResult.html#setBytes-long-,Priori
22839806,http://msdn.microsoft.com/en-us/library/ms181765.aspx,Priori
12092374,http://cran.r-project.org/web/packages/ascii/index.html,Priori
39745701,https://www.google.de/url?sa=t&rct=j&q=&esrc=s&source=web&cd=1&ved=0ahUKEwjgrsC2i7TPAhWKaRQKHUfLBD4QFggvMAA&url=http%3A%2F%2Fwww.springer.com%2Fcda%2Fcontent%2Fdocument%2Fcda_downloaddocument%2F9783319258393-c2.pdf%3FSGWID%3D0-0-45-1533089-p177762447&usg=AFQjCNHJeV8TIhj1ylnkG0aMWIZoNJK4bA&cad=rja,Priori
60685376,https://testng.org/doc/documentation-main.html#testng-xml,Priori
39486538,https://developer.android.com/reference/android/app/Instrumentation.html,Priori
45382542,https://developer.mozilla.org/en-US/docs/Web/JavaScript/Reference/Statements/async_function,Priori
7596131,http://eclipse.org/articles/Article-TreeViewer/TreeViewerArticle.htm,Priori
35021794,https://jsfiddle.net/2uoj1y9d/,Working Example
34860266,https://docs.microsoft.com/de-de/dotnet/api/system.threading.tasks.taskfactory.startnew,Working example
39533271,https://en.wikipedia.org/wiki/Rope_(data_structure),Priori
8947385,http://developer.android.com/reference/android/location/LocationManager.html#getLastKnownLocation%28java.lang.String%29,Priori
40247991,https://developer.mozilla.org/en/docs/Web/HTML/Element/Input,Priori
53135760,"https://jsbin.com/fowitomaka/edit?html,js,output",Working Example
13514782,https://jira.atlassian.com/browse/JRA-4588,Working example
60121643,https://www.npmjs.com/search?q=keywords:stylelint-config,Parallelism
43227655,https://en.wikipedia.org/wiki/Double_dispatch,Priori
42860557,http://www.pjsip.org/download.htm,Other
9357424,http://www.highoncoding.com/Articles/804_Introduction_to_MapKit_Framework_for_iPhone_Development.aspx,Parallelism
21751921,http://jsfiddle.net/dimt/6Rzd9/,Parallelism
3643241,http://api.twitter.com,Working example
4369592,http://www.jsfiddle.net/subhaze/EN8nc/5/,Working example
50795029,https://davidkpiano.github.io/react-redux-form/docs/guides/validation.html,Working example
20174496,https://developer.mozilla.org/en-US/docs/Web/JavaScript/Reference/Global_Objects/Function/call,Priori
47757488,https://developers.google.com/actions,Priori
14595189,https://github.com/rmagick/rmagick/wiki,Priori
29169298,http://php.net/manual/en/language.oop5.typehinting.php,Priori
21411894,http://developer.android.com/tools/device.html,Priori
4683381,http://www.stringtree.org/stringtree-json.html,Priori
19224371,http://jira.codehaus.org/browse/MNG-4639,Parallelism
36687292,http://docs.aws.amazon.com/AWSJavaScriptSDK/latest/AWS/Config.html#maxRetries-property,Parallelism
59157547,https://aka.ms/sdkimplicitrefs,Priori
57665898,https://static.javadoc.io/org.mockito/mockito-core/3.0.0/org/mockito/Mockito.html#RETURNS_DEEP_STUBS,Priori
56784329,https://github.com/Z3Prover/z3/blob/master/src/ast/rewriter/bv_rewriter.cpp#L1817-L1823,Priori
53871626,https://bugs.python.org/issue35547,Priori
54438911,https://codex.wordpress.org/Theme_Development,Priori
60465532,https://cloud.google.com/sql/,Priori
28426226,https://i.stack.imgur.com/uOlAu.png,Parallelism
37261663,http://dev.mysql.com/doc/refman/5.7/en/partitioning.html,Parallelism
14992785,https://code.google.com/p/html5shim/,Priori
16032336,http://sourceforge.net/projects/snoopy/,Priori
9488639,http://chemistry.apache.org/java/opencmis.html,Priori
65158284,https://codeply.com/p/B3qD9n4Vyy,Parallelism
43420474,https://developers.google.com/api-client-library/javascript/features/promises,Parallelism
31390431,http://www.mathworks.com/help/mdce/index.html?searchHighlight=distributed%20computing%20server,Parallelism
38597925,https://github.com/git/git/blob/a59cfb32300baab00ee9cec68326309f4b2faca9/builtin/fsck.c,Priori
7027576,http://download.oracle.com/javase/1.4.2/docs/guide/security/jce/JCERefGuide.html#BlowKeyEx,Parallelism
18143657,http://jsfiddle.net/pgPgR/1/,Parallelism
4817,http://www.ddj.com/mediaCenter/moreMediaCenter.jhtml?site_article_type=160901008&start=1,Working example
12288099,http://docs.trigger.io/en/v1.4/modules/file.html#notes,Parallelism
62200710,https://www.glprogramming.com/red/index.html,Priori
30567316,http://backbonejs.org/#Router,Priori
17690080,http://jsfiddle.net/ccamarat/E6ej9/5/,Working Example
64259236,https://i.stack.imgur.com/enobX.png,Working example
12712774,http://docs.oracle.com/cd/E11882_01/server.112/e26088/conditions007.htm#SQLRF00501,Working example
46877239,https://i.stack.imgur.com/BFxLn.png,Priori
8272055,https://i.stack.imgur.com/jpzIB.png,Working Example
11093528,http://www.youtube.com/watch?v=f-k823MZ02Q,Working example
25320877,http://www.mathworks.com/help/matlab/ref/evalin.html,Priori
58588514,https://sqlinthewild.co.za/index.php/2018/03/13/revisiting-catch-all-queries/,Parallelism
11623841,http://docs.python.org/library/unittest.html,Parallelism
31546885,http://www.codeproject.com/Articles/17968/Making-Your-Application-UAC-Aware,Priori
54922812,https://gist.github.com/shuge/f543dc2094a3183f69488df2bfb51a52,Working Example
5839933,http://jsfiddle.net/TTZqa/,Working example
53698450,https://jackwasey.github.io/icd/,Working example
2916076,http://www.codeproject.com/KB/WCF/wcfesb.aspx,Parallelism
9781181,http://javadude.wordpress.com/2012/03/01/drools-expert-read-rules-from-string-and-database/,Parallelism
47350350,https://i.stack.imgur.com/SQArW.png,Working example
62548482,https://github.com/tflander/esp32-machine-emulator,Working example
37968439,https://msdn.microsoft.com/en-us/library/jj152938(v=vs.110).aspx,Working example
36422399,http://plnkr.co/edit/Ga2goFxFgzljJ3aerfcJ?p=preview,Priori
10565949,https://developer.mozilla.org/en/JavaScript/Reference/Operators/this,Priori
25754375,https://i.stack.imgur.com/zee9B.png,Working Example
55104657,https://jmeter.apache.org/usermanual/component_reference.html#JMS_Publisher,Working example
4750673,http://msdn.microsoft.com/en-us/library/ms724947%28v=vs.85%29.aspx,Priori
11908710,http://docs.oracle.com/javase/1.4.2/docs/api/java/io/InputStream.html,Priori
64989358,https://developer.mozilla.org/en-US/docs/Web/JavaScript/Reference/Statements/do...while,Priori
58904476,https://codeigniter4.github.io/userguide/tutorial/static_pages.html,Priori
2486894,https://forum.hibernate.org/viewtopic.php?t=963057&highlight=recursion,Priori
17412916,http://www.geosurf.com/,Priori
4999803,http://wkhtmltopdf.org/,Priori
37750067,http://i.stack.imgur.com/8Gs7n.png,Working Example
15536083,http://jsfiddle.net/GJ4TS/,Working example
33926534,http://www.launchschool.com/blog/facebook-graph-api-using-omniauth-facebook-and-koala,Working example
39381978,http://www.ecma-international.org/ecma-262/6.0/#sec-arguments-exotic-objects,Priori
42552324,https://i.stack.imgur.com/jH2Yd.png,Working Example
60103652,https://sourceforge.net/projects/readesm/files/,Working example
39351798,https://www.youtube.com/watch?v=vkaRuEUtTEw,Parallelism
27442495,https://github.com/inamiy/YIInnerShadowView,Priori
41000041,http://en.cppreference.com/w/cpp/language/override,Priori
5863204,http://en.wikipedia.org/wiki/Actor_model,Priori
15330674,http://sourceforge.net/mailarchive/forum.php?thread_name=89951EE9-904F-4013-933E-D902E891ACE6@algonet.se&forum_name=foxgui-users,Priori
2432653,http://msdn.microsoft.com/en-us/library/e55f3s5k.aspx,Priori
3972254,http://dev.mysql.com/doc/refman/5.1/en/create-table.html,Priori
48950761,https://github.com/non/kind-projector,Priori
3025230,http://kaazing.com/doc/5.0/jms_client_docs/dev-dotnet/p_dev_dotnet_client.html,Priori
64871531,https://developer.download.nvidia.com/CUDA/training/StreamsAndConcurrencyWebinar.pdf,Priori
555735,http://www.websupergoo.com/abcpdf-1.htm,Priori
46222123,https://docs.microsoft.com/en-us/rest/api/storageservices/Constructing-a-Service-SAS?redirectedfrom=MSDN,Priori
41860432,http://www.bootply.com/sdZfBCjagb,Working Example
64179057,https://github.com/coldiary/react-image-mapper,Working example
25057276,http://book.cakephp.org/2.0/en/core-libraries/helpers/form.html,Priori
51042145,https://forums.asp.net/post/5925659.aspx,Priori
40736315,https://i.stack.imgur.com/iNcZC.jpg,Working example
12734819,http://docs.python.org/whatsnew/2.5.html#pep-328-absolute-and-relative-imports,Working example
23902131,http://www.hanselman.com/blog/BackToBasicsUsingFusionLogViewerToDebugObscureLoaderErrors.aspx,Priori
45677182,"https://developer.android.com/reference/android/view/ViewGroup.html#addView(android.view.View,%20android.view.ViewGroup.LayoutParams)",Priori
21613934,http://linux.die.net/man/3/backtrace_symbols,Priori
38812723,https://jsfiddle.net/0f561kef/3/,Working Example
46705305,https://github.com/apache/cordova-plugin-device/blob/master/src/ios/CDVDevice.m,Working example
33058939,http://www.sinking.in/blog/provided-scope-in-gradle/,Priori
27416655,http://www.w3schools.com/html/html5_video.asp,Priori
43507067,http://cryto.net/~joepie91/blog/2016/06/13/stop-using-jwt-for-sessions/,Priori
40636666,https://developer.android.com/studio/intro/migrate.html,Posterior
41620623,https://css-tricks.com/logic-in-media-queries/#article-header-id-5,Priori
9080081,http://grails.org/doc/latest/guide/theWebLayer.html#6.6%20Filters,Priori
35934312,http://docs.unity3d.com/ScriptReference/Transform.GetSiblingIndex.html,Priori
10316099,https://www.w3.org/TR/trig/,Priori
54585636,https://developer.mozilla.org/en-US/docs/Web/JavaScript/Reference/Global_Objects/String/toLowerCase,Priori
31496709,http://mvnrepository.com/artifact/org.apache.commons/commons-collections4,Priori
7582106,http://www.quackit.com/javascript/javascript_refresh_page.cfm,Posterior
59160003,https://github.com/DefinitelyTyped/DefinitelyTyped/issues/16208#issuecomment-335993251,Parallelism
15658705,http://php.net/manual/en/book.pdo.php,Parallelism
38214893,https://docs.adobe.com/docs/en/aem/6-2/develop/extending/workflows/wf-extending.html#Developing%20Process%20Step%20Implementations,Priori
7014678,http://www.lmaxtrader.co.uk,Priori
19581471,http://docs.oracle.com/javase/tutorial/essential/io/notification.html,Parallelism
21659386,http://en.wikipedia.org/wiki/Principal_component_analysis,Parallelism
16037038,http://click.linksynergy.com/fs-bin/stat?id=yfbyIWqHFt8&offerid=146261&type=3&subid=0&tmpid=1826&RD_PARM1=,Working Example
8758840,http://speedtest.net/mini.php,Working example
59268666,https://github.com/pjreddie/darknet,Priori
15502064,http://www.angryhacker.com/blog/archive/2010/07/21/how-to-get-rid-of-flicker-on-windows-forms-applications.aspx,Parallelism
24235598,http://wiki.processing.org/w/How_do_I_display_a_message_for_a_few_seconds%3F,Parallelism
52179991,https://golang.org/pkg/builtin/#append,Priori
17055112,http://www.libsdl.org/,Priori
32629965,http://manpages.ubuntu.com/manpages/vivid/en/man1/ecryptfs-wrap-passphrase.1.html,Priori
53786440,https://docs.oracle.com/javase/8/docs/api/java/util/regex/Pattern.html,Priori
38719832,https://php.net/manual/en/mysqli-result.fetch-row.php,Priori
39080894,http://i.stack.imgur.com/3nTJs.png,Priori
60117617,https://chromedriver.storage.googleapis.com/80.0.3987.16/notes.txt,Priori
2794403,"http://developer.android.com/reference/android/webkit/WebViewClient.html#onReceivedHttpAuthRequest%28android.webkit.WebView,%20android.webkit.HttpAuthHandler,%20java.lang.String,%20java.lang.String%29",Priori
61416661,https://git-scm.com/docs/git-rebase#Documentation/git-rebase.txt--r,Priori
9289991,http://docstore.mik.ua/orelly/webprog/jscript/ch04_04.htm,Priori
25358862,http://elki.dbs.ifi.lmu.de/wiki/Parameterization,Priori
42818897,https://docs.oracle.com/javase/8/docs/api/java/util/concurrent/ConcurrentHashMap.html,Priori
50964570,https://www.mkyong.com/spring3/spring-aop-aspectj-annotation-example/,Priori
21470690,http://api.jquery.com/find/,Priori
22532508,http://troyworks.com/blog/wp-content/uploads/2009/08/tortoisesvn_right_click_svn_update.png,Priori
40177040,https://github.com/dotnet/coreclr/pull/16382#issue-169051458,Priori
42254170,https://sites.google.com/new?usp=jotspot_si,Priori
52576877,https://developer.apple.com/documentation/appkit/nstextfield/1644658-init,Priori
58726700,https://ansible-runner.readthedocs.io/en/latest/python_interface.html#usage-examples,Working Example
27520589,http://en.wikipedia.org/wiki/Dereference_operator,Working example
24085750,https://github.com/godaddy/gulp-header,Priori
889216,http://blogs.msdn.com/wriju/archive/2009/03/10/ado-net-entity-framework-resources.aspx,Priori
63139413,https://download.developer.apple.com/Developer_Tools/Xcode_10.1/Xcode_10.1.xip,Other
54276903,https://www.storeapps.org/customize-woocommerce-emails/,Priori
29599088,http://docs.jboss.org/hibernate/core/3.6/reference/en-US/html/querycriteria.html#querycriteria-associations,Priori
34024319,https://developers.google.com/maps/documentation/javascript/examples/places-autocomplete-addressform,Priori
47676949,https://developers.google.com/protocol-buffers/,Priori
42906399,http://www.nltk.org/_modules/nltk/corpus/reader/wordnet.html,Priori
6060814,http://en.wikipedia.org/wiki/Solid_%28object-oriented_design%29,Priori
58930986,https://developer.apple.com/documentation/scenekit/scnscenerenderer/1523812-autoenablesdefaultlighting,Priori
28648097,http://api.jquery.com/add/,Priori
42003033,https://developer.mozilla.org/en-US/docs/Web/SVG/Tutorial/Paths,Priori
7823947,http://api.jquery.com/filter/,Priori
11282424,https://i.stack.imgur.com/XWPDa.png,Working Example
29781991,http://en.wikipedia.org/wiki/Token_bucket,Working example
30537758,https://developers.google.com/cloud-messaging/ios/client,Priori
28169168,http://jsfiddle.net/2f1nwcg8/,Working Example
40122442,https://i.stack.imgur.com/iSzzq.png,Working example
17642850,http://www.microsoft.com/en-us/download/details.aspx?id=22677,Priori
41544393,https://github.com/mopemope/meinheld,Priori
29024357,https://github.com/amatsuda/kaminari/blob/master/config/locales/kaminari.yml,Priori
16894226,http://developer.android.com/reference/java/lang/String.html,Priori
17150320,http://help.eclipse.org/indigo/topic/org.eclipse.platform.doc.isv/reference/api/org/eclipse/core/runtime/IPath.html#toFile%28%29,Priori
35579784,https://wiki.hybris.com/display/release5/Vouchers+-+Technical+Details,Priori
26520079,http://plnkr.co/edit/tmxd59ibyeHtrzrkMvli?p=preview,Priori
28642604,http://plnkr.co/edit/QZ8dAZsFD5AIQax7Oaqg?p=preview,Working Example
53584591,https://reactjs.org/docs/hooks-reference.html#usestate,Working example
8941829,http://linux.die.net/man/2/ptrace,Priori
2017171,https://connect.microsoft.com/VisualStudio/feedback/ViewFeedback.aspx?FeedbackID=104071&wa=wsignin1.0#details,Priori
44161407,https://github.com/rubensousa/PreviewSeekBar,Priori
1265764,http://codebetter.com/blogs/jeremy.miller/archive/2009/01/18/conditional-object-construction-in-structuremap-i-e-fun-with-lambdas.aspx,Priori
25705172,http://doc.scrapy.org/en/latest/topics/request-response.html#scrapy.http.Request.meta,Priori
50926191,"https://docs.oracle.com/javase/10/docs/api/java/nio/file/Files.html#walk(java.nio.file.Path,int,java.nio.file.FileVisitOption...)",Priori
42475127,https://msdn.microsoft.com/en-us/library/ms140321.aspx,Priori
18517924,http://static.springsource.org/spring/docs/2.5.x/api/org/springframework/context/ApplicationContextAware.html,Priori
34482722,http://apidock.com/ruby/Kernel/require,Priori
22713044,http://jsbeautifier.org,Posterior
27916459,http://msdn.microsoft.com/en-us/library/8kb3ddd4(v=vs.110).aspx,Priori
6797832,http://en.wikipedia.org/wiki/Push_technology,Priori
33532938,https://www.visualstudio.com/en-us/news/vs2015-update1-vs.aspx,Priori
45588690,http://pandas.pydata.org/pandas-docs/stable/generated/pandas.concat.html,Priori
55141818,http://jetware.io/appliances/jetware/wordpress4_lemp7/profile,Priori
6499246,http://www.semanticdesigns.com/Products/FrontEnds/CFrontEnd.html,Priori
8878648,http://www.java-tips.org/java-se-tips/javax.sound/capturing-audio-with-java-sound-api.html,Containment
10207997,http://php.net/manual/en/function.mkdir.php,Priori
27235487,http://www.sqlite.org/lang_aggfunc.html#sumunc,Priori
8489303,http://developer.android.com/reference/android/os/AsyncTask.html#onPostExecute(Result),Priori
61055720,https://mysqlserverteam.com/mysql-5-7-improved-performance-of-queries-with-derived-tables/,Priori
63838020,https://www.twilio.com/docs/sms/twiml,Priori
3681353,http://rickyclarkson.blogspot.com/2009/12/deleting-code-what-first.html,Parallelism
17331399,http://www.chicagostyleseo.com/2010/04/googles-need-for-speed-use-cache-and-htaccess-to-speed-up-your-site/,Parallelism
37254465,https://github.com/nutiteq/hellomap3d-android/blob/master/com.nutiteq.advancedmap3/src/com/nutiteq/advancedmap3/ClusteredGeoJsonActivity.java,Parallelism
51435046,https://i.stack.imgur.com/a2Ffq.png,Parallelism
53047081,https://developer.apple.com/library/archive/documentation/iPhone/Conceptual/iPhoneOSProgrammingGuide/BackgroundExecution/BackgroundExecution.html#//apple_ref/doc/uid/TP40007072-CH4-SW56,Working example
23170418,http://en.wikipedia.org/wiki/Hash_table,Priori
27963970,https://developer.mozilla.org/en-US/docs/Web/Guide/CSS/Media_queries,Priori
55271449,https://www.w3.org/TR/css-variables/#using-variables,Priori
22596715,https://gist.github.com/Noitidart/9729440,Priori
43112311,https://en.wikipedia.org/wiki/Run-length_encoding,Priori
45534897,https://golang.org/ref/spec#Comparison_operators,Priori
45975811,http://www.dotnetframework.org/default.aspx/4@0/4@0/DEVDIV_TFS/Dev10/Releases/RTMRel/wpf/src/Framework/System/Windows/Controls/ItemsControl@cs/1458001/ItemsControl@cs,Priori
58877675,https://pypi.org/project/srt/,Priori
64058611,https://mvnrepository.com/artifact/com.hortonworks.shc/shc-core,Other
3734782,http://technet.microsoft.com/en-us/library/ms180169.aspx,Priori
13598510,http://paulirish.com/2012/box-sizing-border-box-ftw/,Priori
61286929,https://firebase.google.com/docs/crashlytics/get-started?platform=android,Parallelism
13435838,https://developers.google.com/appengine/docs/python/datastore/polymodelclass,Parallelism
40575355,https://github.com/aspnet/MusicStore/blob/dev/samples/MusicStore.Standalone/project.json#L80-L89,Priori
3796529,http://www.vbknowledgebase.com/?Id=125&Desc=Asp.Net-Hierarchical-GridView,Priori
64553721,https://github.com/toniblyx/my-arsenal-of-aws-security-tools#defensive-hardening-security-assessment-and-inventory,Priori
2932842,http://xstream.codehaus.org/,Priori
5406135,http://jsfiddle.net/simevidas/9FPrX/1/,Working Example
59767336,https://i.stack.imgur.com/vdjd4.png,Working example
57338512,https://www.mathworks.com/help/matlab/math/array-indexing.html#MatrixIndexingExample-3,Working example
30667989,http://www.jrsoftware.org/isinfo.php,Priori
61833603,https://codesandbox.io/static/img/play-codesandbox.svg,Priori
19506106,http://en.wikipedia.org/wiki/Network_address_translation,Priori
22065181,https://en.wikipedia.org/wiki/Legacy_system,Priori
47432550,https://itunespartner.apple.com/en/apps/videos#testflight-beta-testing,Priori
20268521,http://docs.angularjs.org/api/ng,Priori
21513814,http://developer.android.com/reference/android/app/AlarmManager.html,Priori
53517047,https://docs.docker.com/engine/reference/builder/#cmd,Priori
9402845,http://doc.qt.io/qt-4.8/QLatin1String.html#details,Priori
43555700,https://docs.djangoproject.com/en/1.11/topics/db/aggregation/,Priori
14292376,http://code.google.com/p/android-dateslider/,Priori
36390743,http://docs.groovy-lang.org/latest/html/documentation/index.html#_safe_navigation_operator,Priori
165940,http://www.zan1011.com/,Priori
53611952,http://modelmapper.org/user-manual/property-mapping/,Priori
18706591,http://sass-lang.com/,Priori
37048623,https://i.stack.imgur.com/OTCRS.png,Working Example
57795744,https://glidejs.com/docs/events/,Working example
61309335,https://play.golang.org/p/0UBIdxIUvK3,Working Example
15269256,https://developers.google.com/+/api/latest/people/get,Working example
57371889,https://github.com/randombit/botan/blob/master/src/lib/base/secmem.h,Priori
52452349,https://github.com/git/git/commit/64d80e7d52cc2663a44157fc3d49af576ea10192,Priori
30178722,http://cran.rstudio.com/package=git2r,Priori
12165436,https://developers.facebook.com/docs/opengraphprotocol/,Parallelism
44472969,https://docs.python.org/3/library/re.html#match-objects,Parallelism
25790860,http://socketo.me/,Priori
57946754,https://docs.oracle.com/javase/8/docs/api/java/util/Collections.html#sort-java.util.List-java.util.Comparator-,Priori
9711893,https://www.crossref.org/guestquery/,Working Example
10233027,http://www.symfony-project.org/doctrine/1_2/en/06-Working-With-Data,Working example
37649023,http://help.adobe.com/en_US/ActionScript/3.0_ProgrammingAS3/WS5b3ccc516d4fbf351e63e3d118a9b90204-7fa4.html,Priori
26357531,http://xarch.sourceforge.net/,Priori
18559723,http://php.net/manual/en/mysqlinfo.concepts.buffering.php,Parallelism
35971755,https://i.stack.imgur.com/pCrap.png,Parallelism
15239778,http://jsfiddle.net/aKVC2/2/,Working example
51885507,https://wkhtmltopdf.org/downloads.html,Working example
46840948,https://i.stack.imgur.com/2KZB0.png,Working Example
6205398,http://filecopylibrary.sourceforge.net/,Working example
23208721,https://github.com/pocoproject/poco,Other
31219751,http://www.yegor256.com/2014/06/09/objects-should-be-immutable.html,Parallelism
11133817,http://www.w3schools.com/html5/html5_webstorage.asp,Parallelism
33118537,https://uk.mathworks.com/help/matlab/matlab_prog/formatting-strings.html#bq0z60p-1,Parallelism
47945458,http://people.cs.uchicago.edu/~dmfranklin/tutorials/strtok.txt,Parallelism
58638844,https://i.stack.imgur.com/ml3P9.png,Working Example
1470180,http://en.wikipedia.org/wiki/Voronoi_diagram,Working example
8812633,http://tweetr.swfjunkie.com/docs/com/swfjunkie/tweetr/events/TweetEvent.html,Priori
12087066,http://docs.doctrine-project.org/en/latest/index.html,Priori
22552633,https://pythonhosted.org/gearman/client.html,Parallelism
54881471,https://sinonjs.org/releases/latest/stubs/,Parallelism
14707612,https://github.com/avianey/facebook-api-android-maven,Priori
7805511,http://static.springsource.org/spring/docs/current/spring-framework-reference/html/beans.html#beans-classpath-scanning,Priori
27902579,http://guides.rubyonrails.org/routing.html#nested-resources,Priori
486657,http://api.rubyonrails.org/classes/ActiveRecord/Observer.html,Priori
44710871,http://docs.oracle.com/database/122/INMEM/toc.htm,Priori
57700047,https://regex101.com/r/gPm21I/1,Working Example
13013703,http://docs.angularjs.org/api/ng,Working example
27566939,http://www.eclipse.org/forums/index.php/t/20657/,Priori
60535961,https://microsoftgraph.uservoice.com,Other
17748080,http://php.net/shmop,Parallelism
14963901,http://i.stack.imgur.com/V324k.jpg,Parallelism
21404186,http://sqlfiddle.com/#!3/d9486/8/0,Working example
3940744,http://ideone.com/kYJUQ,Working example
21507483,https://www.sqlite.org/c3ref/step.html,Parallelism
46094513,http://twiecki.github.io/blog/2017/02/08/bayesian-hierchical-non-centered/,Parallelism
62059349,https://www.pygame.org/docs/ref/sprite.html#pygame.sprite.collide_mask,Priori
42808148,https://i.stack.imgur.com/8xKFM.png,Parallelism
23300334,https://i.stack.imgur.com/5hH1y.png,Parallelism
28731659,http://en.wikipedia.org/wiki/Proleptic_Gregorian_calendar,Working example
9304903,http://json2csharp.com/,Parallelism
5467328,http://api.jquery.com/jQuery.getScript/,Parallelism
19529456,https://i.stack.imgur.com/3tEQJ.png,Working Example
29594139,https://i.stack.imgur.com/jiPfp.png,Working example
12890004,http://jsfiddle.net/7KR4t/,Working example
59002546,https://developer.mozilla.org/en-US/docs/Web/API/Document/writeln,Parallelism
26240555,http://docs.neo4j.org/chunked/stable/tutorials-cypher-java.html,Priori
22134679,"http://www.tomshardware.com/reviews/tegra-4-tegra-4i-gpu-architecture,3445-3.html",Priori
48891078,https://www.ag-grid.com/javascript-grid-tool-panel/#suppressExample,Priori
7581971,http://www.mybatis.org/,Priori
27377801,http://jsfiddle.net/3sah4xsm/,Working Example
14547255,http://svnbook.red-bean.com/en/1.7/svn.advanced.vendorbr.html,Priori
15429898,http://www.php.net/manual/en/function.fputcsv.php#104980,Parallelism
22277369,http://docs.python.org/2.7/library/functions.html#type,Parallelism
58166346,http://www.w3.org/TR/webstorage/,Priori
8234956,http://msdn.microsoft.com/en-us/library/1deeycx5%28v=vs.80%29.aspx,Priori
35059,https://docs.microsoft.com/en-us/archive/blogs/ericlippert/immutability-in-c-part-four-an-immutable-queue,Priori
27471600,http://wiki.openssl.org/index.php/Random_Numbers,Priori
28299373,https://i.stack.imgur.com/7ulL6.png,Working Example
20331529,http://msdn.microsoft.com/en-us/library/system.data.datatablereader.nextresult%28v=vs.110%29.aspx?cs-save-lang=1&cs-lang=csharp#code-snippet-2,Working Example
60129536,https://github.com/Z3Prover/z3/issues,Working example
32974789,http://es6-features.org/#DefaultParameterValues,Parallelism
3808300,http://www.gmarwaha.com/blog/2009/06/09/jquery-waiting-for-multiple-animations-to-complete/,Parallelism
64353307,https://www.youtube.com/watch?v=A7qwuFnyIpM,Parallelism
18986334,https://github.com/Frege/frege-maven-plugin,Parallelism
7504143,https://packetlife.net/captures/,Other
37032824,https://github.com/macvim-dev/macvim/issues/275,Parallelism
20077950,http://blog.biernacki.ca/2014/01/codeigniter-keeping-bots-out-of-your-sessions-table-or-how-i-cleaned-up-my-sessions/,Parallelism
58455828,https://gist.github.com/ad8e/dd150b775ae6aa4d5cf1a092e4713add#gistcomment-3059492,Parallelism
62454448,"https://forums.mysql.com/read.php?152,674208,674208",Parallelism
35339763,https://bugs.java.com/bugdatabase/view_bug.do?bug_id=4017593,Parallelism
63042933,https://docs.raku.org/language/functions#Routines,Parallelism
8063070,https://www.vim.org/scripts/script.php?script_id=3797,Parallelism
50831573,https://medium.com/@dhavatar/displaying-transit-information-using-google-maps-api-29a18cb0ac24,Parallelism
28233970,https://issues.apache.org/jira/browse/MPH-99,Parallelism
36447661,https://github.com/AndroidDeveloperLB/AutoFitTextView/issues/28,Parallelism
7124817,http://www.codeproject.com/KB/validation/MultipleDataAnnotations.aspx,Parallelism
16471918,http://dev.mysql.com/doc/refman/5.1/en/log-destinations.html,Parallelism
26426628,http://www.webappers.com/2007/08/22/jquery-password-strength-meter-with-better-algorithm/,Parallelism
6660918,http://www.cocoabuilder.com/archive/cocoa/174917-nul-characters-in-nsstring-cause-unexpected-results.html,Parallelism
33998395,http://www.backalleycoder.com/2013/03/18/cross-browser-event-based-element-resize-detection/,Parallelism
36044106,https://bugs.chromium.org/p/chromium/issues/detail?id=73812,Parallelism
1001735,http://msdn.microsoft.com/en-us/magazine/cc164129.aspx,Parallelism
52567779,https://bugs.chromium.org/p/chromium/issues/detail?id=695212,Parallelism
42037717,https://commonsware.com/blog/2014/08/04/custom-permission-vulnerability-l-developer-preview.html,Parallelism
51425431,https://bugs.chromium.org/p/chromium/issues/detail?id=865253,Parallelism
63166933,https://social.technet.microsoft.com/Forums/lync/en-US/770bc9a4-6100-4825-8b10-dc76363cc44c/powershell-search-and-replace-yaml?forum=ITCG,Parallelism
13396779,http://supriya-surve.blogspot.com/2012/06/rails-3-devise-omniauth-facebook.html,Parallelism
29735917,http://blogs.msdn.com/b/appfabric/archive/2015/04/02/windows-server-appfabric-1-1-ends-support-4-2-2016.aspx,Parallelism
29960616,https://github.com/NuGet/Home/issues/504,Parallelism
1288988,http://bugs.dojotoolkit.org/ticket/3286,Parallelism
52707016,https://github.com/beenote/angular-material-datetimepicker/issues/46,Parallelism
62386101,https://flask.palletsprojects.com/en/1.1.x/patterns/singlepageapplications/,Parallelism
56623492,https://www.w3.org/TR/websub/,Priori
54377153,http://pandas.pydata.org/pandas-docs/stable/generated/pandas.DataFrame.reindex.html,Priori
31233296,http://i.stack.imgur.com/jMtDe.png,Working Example
6926467,http://betterexplained.com/articles/how-to-optimize-your-site-with-gzip-compression/,Parallelism
45996843,http://man7.org/linux/man-pages/man3/pthread_join.3.html,Priori
9271673,http://pastebin.com/hY5mjrYW,Working Example
17659078,http://less2css.org/,Priori
44935593,https://github.com/metafizzy/flickity/issues/233,Parallelism
6853097,http://i.stack.imgur.com/DoUKr.png,Priori
33553468,https://www.weheartswift.com/arrays/,Priori
14354832,https://github.com/isaacs/npm,Priori
49854227,https://kotlinlang.org/api/latest/jvm/stdlib/kotlin.text/fold.html,Parallelism
52098890,https://github.com/heroku/button-sample,Priori
22111576,http://msdn.microsoft.com/en-us/library/system.collections.bitarray%28v=vs.110%29.aspx,Priori
56332167,https://www.openssl.org/news/changelog.html#x43,Priori
63696648,http://www.whitehotstaging.com/cb/,Other
60822206,https://github.com/Microsoft/TypeScript/issues/18247,Priori
20898810,http://jsfiddle.net/sF5av/4/,Working Example
59172478,https://github.com/Azure/azure-service-bus/tree/master/samples/DotNet/Microsoft.ServiceBus.Messaging/TopicFilters,Parallelism
19302732,http://docs.python.org/2/library/itertools.html#itertools.izip,Priori
2172253,http://blog.lab49.com/archives/2650,Parallelism
58450707,https://www.heroku.com/,Parallelism
14004167,http://mailman.rz.uni-augsburg.de/mailman/listinfo/stats-rosuda-devel,Parallelism
40333608,http://martinfowler.com/articles/replaceThrowWithNotification.html,Parallelism
51694600,https://docs.oracle.com/javase/8/docs/api/java/util/ArrayList.html#add-E-,Priori
50215181,https://codepen.io/anon/pen/YLExjo,Working Example
22646943,https://github.com/clojure/clojure/blob/master/src/jvm/clojure/lang/LazySeq.java,Containment
8847467,http://jsfiddle.net/timkl/M6dEM/,Working Example
53716147,https://spark.apache.org/docs/latest/sql-data-sources-avro.html#deploying,Parallelism
25069957,http://pastebin.com/1xh0Le64,Working Example
15792611,http://www.example.com/file.exe,Containment
57980414,https://docs.microsoft.com/en-us/appcenter/test-cloud/uitest/,Priori
41376290,https://i.stack.imgur.com/1tHyE.jpg,Working Example
35229607,http://jmeter.apache.org/usermanual/component_reference.html#BeanShell_PreProcessor,Containment
36126081,https://docs.spring.io/spring/docs/2.5.6/javadoc-api/org/springframework/jdbc/support/GeneratedKeyHolder.html,Priori
11951244,https://developer.mozilla.org/en-US/docs/Same_origin_policy_for_JavaScript,Priori
18579128,http://sqlfiddle.com/#!2/a18a4/2,Other
56629000,https://gkedge.gitbooks.io/react-router-in-the-real/content/apache.html,Parallelism
46182795,https://reacttraining.com/react-router/web/example/url-params,Parallelism
16334747,http://jsfiddle.net/fB9ea/1/,Working Example
39587433,http://api.jquery.com/jQuery.getJSON/,Parallelism
63133152,https://nodejs.org/en/,Other
2185849,http://msdn.microsoft.com/en-us/teamsystem/dd408382.aspx,Priori
19436179,http://docs.python.org/2/library/random.html#random.sample,Priori
1129124,http://code.google.com/appengine/docs/java/datastore/relationships.html#Unowned_Relationships,Priori
18431498,http://diagrams.seaquail.net/Diagram.aspx?ID=10094,Other
28980509,https://developer.mozilla.org/en-US/docs/Web/HTTP/Access_control_CORS#Preflighted_requests,Priori
22620323,https://jumpshare.com/v/aDJNcdYInwwOhf12x7yF?b=6XdvCjNy2kGzkjos4Ljp,Working Example
19579235,http://i.stack.imgur.com/JkjsG.png,Priori
48164976,http://www.example.com,Other
61390402,https://www.npmjs.com/package/v-stripe-elements,Parallelism
5428854,http://www.whatwg.org/specs/web-apps/current-work/multipage/elements.html#the-title-attribute,Containment
33341539,https://docs.oracle.com/javase/7/docs/api/java/util/EventObject.html,Priori
12728271,http://sqlfiddle.com/#!2/728cf/1,Working Example
46445145,https://i.stack.imgur.com/rdNN4.png,Working Example
11738552,http://html5doctor.com/video-canvas-magic/,Parallelism
3421242,http://developer.apple.com/iphone/library/documentation/UIKit/Reference/UIApplication_Class/Reference/Reference.html#//apple_ref/c/data/UIApplicationLaunchOptionsLocationKey,Priori
40754142,https://www.tutorialspoint.com/python/python_command_line_arguments.htm,Containment
55512875,https://i.stack.imgur.com/qQvIR.png,Working Example
8259549,https://github.com/showell/CoffeeCoffee,Priori
28057805,http://blogs.msdn.com/b/eugeneos/archive/2007/02/05/solving-the-disappearing-data-issue-when-using-add-web-reference-or-wsdl-exe-with-wcf-services.aspx,Parallelism
23650569,http://jsfiddle.net/zE4CA/,Working Example
57470250,https://www.php.net/manual/en/function.curl-setopt.php,Priori
63817788,https://i.stack.imgur.com/eGagE.jpg,Working Example
38483117,https://www.opengl.org/registry/specs/ARB/shading_language_include.txt,Priori
59610564,https://i.stack.imgur.com/WWOBd.png,Working Example
59094758,https://bugs.mysql.com/bug.php?id=86318,Working Example
38774327,https://www.nuget.org/packages/Microsoft.OData.Core/,Priori
40310389,https://i.stack.imgur.com/Q5L2A.png,Working Example
4697671,http://jondavidjohn.com/show-non-public-members-with-json_encode/,Working Example
64534955,https://forum.vuejs.org/t/synchronize-watch/4848/3,Priori
61197068,http://manpages.ubuntu.com/manpages/bionic/man8/apt-mark.8.html,Parallelism
2341514,http://tools.ietf.org/html/rfc4880,Priori
28657823,https://github.com/GoogleCloudPlatform/appengine-php-guestbook/archive/phase0-helloworld.zip,Other
41687742,http://ruby-doc.org/stdlib-1.9.3/libdoc/date/rdoc/DateTime.html#method-i-iso8601,Containment
52923050,https://github.com/tensorflow/tensorflow/blob/master/tensorflow/python/training/monitored_session.py#L107,Parallelism
51946060,https://developer.apple.com/documentation/swift/set/1541375-insert,Priori
22424204,https://code.google.com/p/lz4/,Containment
46184457,https://cran.r-project.org/web/packages/tableone/index.html,Priori
11413063,http://api.jquery.com/live/,Priori
29740031,https://github.com/softlayer/softlayer-java,Priori
18695223,http://escalante.io/faq/#why_deploy_lift_applications_on_escalante,Priori
18361463,http://www.meteor.com/,Other
51620127,https://docs.microsoft.com/en-us/sql/connect/odbc/microsoft-odbc-driver-for-sql-server,Priori
54656845,https://i.stack.imgur.com/AN5Xx.png,Working Example
24455356,https://github.com/prawnpdf/prawn/wiki/CHANGELOG,Parallelism
3429290,http://en.wikipedia.org/wiki/MATLAB,Priori
13561297,http://php.net/DateInterval,Priori
29101898,http://i.stack.imgur.com/uCB8X.png,Working Example
28524920,http://i.stack.imgur.com/s4SjC.jpg,Working Example
25362490,https://www.youtube.com/watch?v=8OJ7ih8EE7s,Parallelism
11205034,http://jsfiddle.net/yRwH7/1/,Working Example
7010012,http://www.jrsoftware.org/ishelp/,Priori
25307364,http://codepen.io/anon/pen/JGpeq,Working Example
2394019,http://api.rubyonrails.org/classes/ActiveRecord/Base.html,Priori
25059612,http://en.wikipedia.org/wiki/Language_Integrated_Query,Priori
58858260,https://codewithchris.com/xcode-errors/#detailederror,Working Example
38673179,https://developers.google.com/analytics/solutions/google-analytics-super-proxy,Posterior
1079884,http://i40.tinypic.com/2s7c9ro.png,Working Example
36667895,http://iosbucket.blogspot.in/2016/04/custom-swipe-table-view-cell_16.html,Parallelism
3524702,http://download.oracle.com/docs/cd/B32110_01/web.1013/b28957/jaas_intro.htm,Parallelism
36904585,http://www.w3schools.com/css/css_rwd_mediaqueries.asp,Parallelism
6213322,http://ark.intel.com/Product.aspx?id=42915,Priori
31293659,https://en.wikipedia.org/wiki/Axis%E2%80%93angle_representation,Priori
177405,http://csharpindepth.com/Articles/Chapter6/IteratorBlockImplementation.aspx,Parallelism
18503974,https://developers.facebook.com/docs/reference/fql/stream,Priori
28532289,http://en.wikipedia.org/wiki/Undefined_behavior,Parallelism
14129664,http://code.google.com/p/mutex-for-php/,Priori
58581158,https://docs.docker.com/compose/compose-file/#placement,Containment
57103875,https://i.stack.imgur.com/0ahhT.jpg,Working Example
45114514,https://developer.mozilla.org/en/docs/Web/JavaScript/Reference/Global_Objects/Math/floor,Containment
33323593,http://codepen.io/anon/pen/epMJRz,Parallelism
25498509,http://i.stack.imgur.com/o7jpr.png,Working Example
23841734,http://docs.coronalabs.com/api/library/system/pathForFile.html,Priori
64646268,https://blog.thedataincubator.com/2018/05/sqlite-vs-pandas-performance-benchmarks/,Priori
12770961,http://docs.oracle.com/javase/tutorial/java/javaOO/accesscontrol.html,Priori
34891279,https://semaphoreci.com/community/tutorials/dockerizing-a-ruby-on-rails-application,Parallelism
53894366,https://glitch.com/edit/#!/peach-gasoline,Parallelism
51437004,http://contrib.scikit-learn.org/imbalanced-learn/stable/index.html,Containment
24000490,http://docs.sublimetext.info/en/latest/extensibility/macros.html,Priori
30746759,http://dgrid.io/js/dgrid/demos/laboratory/,Priori
54593380,https://github.com/GoogleCloudPlatform/cloud-bigtable-examples/blob/master/java/dataflow-connector-examples/src/main/java/com/google/cloud/bigtable/dataflow/example/PubsubWordCount.java,Priori
36253600,https://github.com/mongodb/mongo-hadoop/blob/r1.5.1/core/src/main/java/com/mongodb/hadoop/input/MongoInputSplit.java#L45,Priori
37641632,http://www.w3schools.com/sql/func_date_format.asp,Posterior
14388898,http://static.springsource.org/spring/docs/3.1.x/javadoc-api/org/springframework/beans/factory/annotation/Value.html,Containment
63175508,https://www.geeksforgeeks.org/python-after-method-in-tkinter/,Priori
19831804,http://developer.android.com/reference/java/util/concurrent/atomic/AtomicBoolean.html,Priori
44118445,https://docs.python.org/3/using/windows.html,Priori
14028418,http://jsfiddle.net/yLfwD/,Working Example
64483131,https://i.stack.imgur.com/VLDC4.png,Working Example
57659392,https://fusionauth.io/docs/v1/tech/apis/themes#create-a-theme,Priori
31025465,https://nodejs.org/api/child_process.html#child_process_child_process_execsync_command_options,Priori
22525081,http://aws.amazon.com/documentation/rds/,Other
16928177,http://www.w3schools.com/cssref/pr_font_font-size.asp,Other
40904660,https://docs.mongodb.com/v3.2/core/sharding-shard-key/,Posterior
59469434,https://i.stack.imgur.com/OEQ6L.png,Working Example
40710008,https://ncatlab.org/nlab/show/Lawvere+theory,Priori
27404683,http://www.hackerearth.com/problem/algorithm/roys-life-cycle/,Other
38671112,https://www.w3.org/TR/html5/dom.html#element-dfn-content-model,Containment
32253224,http://wiki.unity3d.com/index.php?title=FramesPerSecond,Parallelism
31354564,http://developer.android.com/guide/practices/screens_support.html,Other
54562662,https://github.com/annazeller/mediadb,Priori
33499823,http://i.stack.imgur.com/1h20u.png,Working Example
1664670,http://msdn.microsoft.com/en-us/library/system.codedom.aspx,Priori
5567591,http://developer.apple.com/library/ios/#documentation/cocoa/Conceptual/Blocks/Articles/bxVariables.html,Priori
4980064,http://www.debian.org/doc/maint-guide/,Parallelism
45945893,https://i.stack.imgur.com/jRklz.png,Working Example
48221811,https://godoc.org/mime/multipart#FileHeader,Priori
8381412,http://en.wikipedia.org/wiki/Integer,Containment
11065041,http://gcc.gnu.org/onlinedocs/gcc/Function-Attributes.html,Priori
29978767,https://cloud.google.com/dns/quota,Priori
63011957,https://i.stack.imgur.com/7C9ap.png,Working Example
7378089,http://fakeweb.rubyforge.org/,Priori
60309858,https://i.stack.imgur.com/3a3bT.png,Working Example
15853814,http://jsfiddle.net/lucuma/pTjta/,Working Example
47051026,https://ideone.com/jJ9XGu,Other
31283576,http://i.stack.imgur.com/yiMqN.png,Working Example
56937085,https://docs.oracle.com/javase/7/docs/api/java/util/concurrent/ForkJoinPool.html,Priori
14668858,http://dirtycookie.co,Other
9866316,http://sqlfiddle.com/#!2/3ba3a/1,Working Example
14508966,http://i.stack.imgur.com/xUPwU.png,Working Example
12637574,http://www.amicontech.com/blog/magento-custom-crud-application-tutorial/,Priori
47290316,https://github.com/Nasby/CustomKeyboard,Working Example
62599228,https://developer.mozilla.org/en-US/docs/Learn/HTML/Howto/Use_data_attributes,Priori
8899233,http://jmeter.512774.n5.nabble.com/HTTP-cookie-manager-td544523.html,Parallelism
39351371,http://lornajane.net/posts/2008/accessing-incoming-put-data-from-php,Parallelism
28035663,http://git-scm.com,Priori
57426514,https://docs.djangoproject.com/en/2.2/ref/models/relations/,Priori
5203955,http://pastebin.com/X6WV92L7,Working Example
30164134,http://mojohaus.org/properties-maven-plugin/index.html,Working Example
46774073,https://developer.mozilla.org/en-US/docs/Web/API/FormData/Using_FormData_Objects,Priori
44880001,https://medium.com/@a_lapshin/how-to-start-using-code-quality-tools-in-legacy-android-project-96acf7e9ca7b,Parallelism
29974127,http://caniuse.com/#feat=serviceworkers,Priori
30448241,http://php.net/manual/en/function.header.php,Priori
12606745,http://perldoc.perl.org/perlvar.html,Priori
48798206,https://i.stack.imgur.com/6PG1C.png,Working Example
11285041,http://php.net/manual/en/function.fwrite.php,Priori
44193875,http://allaboutavr.com/index.php/2017/05/13/chapter-5-timers-and-pwm-pulse-width-modulation/,Working Example
21870460,http://svn.apache.org/repos/asf/tomcat/maven-plugin/trunk/tomcat7-maven-plugin/src/test/resources/deploy-war-project/src/main/tomcatconf/server.xml,Priori
9287018,http://en.wikipedia.org/wiki/Osi_model,Priori
18499793,http://blogs.msdn.com/b/khen1234/archive/2005/05/13/417153.aspx,Priori
11537483,http://msdn.microsoft.com/en-us/library/windows/desktop/ms644905%28v=vs.85%29.aspx,Priori
12701418,http://i.stack.imgur.com/qJVEH.png,Other
56960227,https://docs.python.org/3/library/datetime.html#strftime-strptime-behavior,Priori
53283464,https://drive.google.com/file/d/10sYU6v4Wb94gbKvuOuNf8-hsGpkNJatZ/view?usp=sharing,Working Example
17607731,https://code.google.com/p/trophyim/,Priori
19787296,http://docs.mongodb.org/manual/tutorial/manage-the-database-profiler/,Priori
7049842,http://en.wikipedia.org/wiki/Header_file,Priori
41237788,https://regex101.com/r/cx2oww/1,Working Example
40885881,https://github.com/kubernetes/dashboard#getting-started,Priori
51391994,https://jsfiddle.net/xmtdfcks/,Working Example
63266359,https://i.stack.imgur.com/bTLwN.png,Working Example
52502151,https://github.com/erikrose/more-itertools,Containment
713713,http://en.wikipedia.org/wiki/Mersenne_twister,Priori
58588868,https://en.wikipedia.org/wiki/OpenJDK,Priori
35038108,http://i.stack.imgur.com/44Uax.png,Working Example
